Event ID,Ticket Number,Incident ID,Charger,Serial / Main Asset,Outlet,Fault Codes,Suggested Failure Date,Failure Date Source,Ticket Created,First CableTempSensor Evidence Date,Template yyyy-mm-dd (Review Only),Suggested Label,Confidence Reason,Final Label,Manual Failure Date,Possible Duplicate <=30d,Duplicate Group,Another Event <=90d,Title,Description,Root Cause,Solution,Repair Completed,Repair Evidence Date,Repair Evidence,Fault Flags,Multi-Fault Ticket,Other DC Fault Codes,Match Locations,First CableTempSensor Evidence,Match Count,JSON File
0481854_DC2,0481854,ccf06219-896d-409f-91d0-eb230b87c18a,uoQAdw,MP / P3 170000422,DC2,DC2_CABLETEMPSENSOR_XD101,2026-05-28T08:10:06Z,additional_info,2026-03-03T13:24:04Z,2026-05-28T08:10:06Z,,REVIEW,failure/error language; diagnostic fault flags,,,,,Yes,ID0481854-DC/Si-D/DE- [MP / P3 170000422] Charging Power-Fault,Reported Behavior/Issue: Concurrent Charging Power-Fault,,,No,,,VIV:0; PLE:1; KON:1,No,,additional_info[33].body,Closed will be worked on ID0483950-DC/Si-D/DE-[MP / P3 170000422] DC2_CableTempSensor_XD101,1,ccf06219-896d-409f-91d0-eb230b87c18a.json
0478972_DC1,0478972,9f5b3036-0c0c-f111-8407-000d3ab1199b,rY4zJU,MP / S3 170003440,DC1,DC1_CABLETEMPSENSOR_XD100,2026-04-10T08:17:22Z,additional_info,2026-02-17T14:23:27Z,2026-04-10T08:17:22Z,,REVIEW,failure/error language,,,,,,ID0478972-DC/Si-D/BE-[MP / S3 170003440] Password Configuration & Recurrent Fault on Left Charger,Reported behaviour/issue: Password Configuration & Recurrent Fault on Left Charger,,,No,,,,No,,additional_info[20].body; additional_info[29].body; additional_info[30].body,"ID0478972-DC/Si-D/BE-[MP / S3 170003440] Password Configuration & Recurrent Fault on Left Charger CRM:03380000136 Hi colleagues, Afonso asked me to support you on this subject. First, the authentication that you are requesting is not possible. If the customer doesn't want a OCPP backend, then there is no authentication possible. Second, the problem that the customer is reporting was DC1_CableTempSensor_XD100 which is no longer present from the past 1 week. It seems like there is some loose wiring in my opinion, because I can no longer access the data from the past to confirm if there is a defect. Third, the LOGO software is wrong and we need to change it. For the last 1 week, there was no charging session in the outlet that was not working, as such, I would recommend asking the customer to do a session in DC1 before we go there. If the session works, there is no need to go to site. If the ses",3,9f5b3036-0c0c-f111-8407-000d3ab1199b.json
0484989_DC1,0484989,7c312f09-4a57-41fd-af42-39fcb13d4969,Sf3dbc,RVP/SN170004283,DC1,DC1_CABLETEMPSENSOR_XD100,2026-03-18T06:03:12Z,ticket_created,2026-03-18T06:03:12Z,2026-03-18T06:03:12Z,,POSITIVE_HIGH,exact CableTempSensor fault code in title/description; failure/error language,,,Yes,DUP_0007,Yes,ID0484989-DC/Si-D/AT-[RVP/SN170004283] DC1_CableTempSensor_XD100 temp diff error,"Repo
rted behaviour/issue: DC1_CableTempSensor_XD100 temp diff error
Solution: Not happening anymore, most likely a misreading of the 2nd pair of temperature sensors which can only be seen with a special log setting",,"Not happening anymore, most likely a misreading of the 2nd pair of temperature sensors which can only be seen with a special log setting",No,,,,No,,additional_info[10].subject; additional_info[11].subject; additional_info[14].subject; additional_info[1].body; additional_info[2].body; additional_info[2].subject; additional_info[4].subject; additional_info[5].body; additional_info[5].subject; additional_info[7].subject; additional_info[8].subject; additional_info[9].subject; description; title,"ID0484989-DC/Si-D/AT-[RVP/SN170004283] DC1_CableTempSensor_XD100 temp diff error Repo rted behaviour/issue: DC1_CableTempSensor_XD100 temp diff error Solution: Not happening anymore, most likely a misreading of the 2nd pair of temperature sensors which can only be seen with a special log setting",14,7c312f09-4a57-41fd-af42-39fcb13d4969.json
0484444_DC2,0484444,43269c76-1a21-f111-8342-000d3ab11fb1,iO9Dql,,DC2,DC2_CABLETEMPSENSOR_XD101,2026-03-16T09:28:24Z,ticket_created,2026-03-16T09:28:24Z,2026-03-16T09:28:24Z,,POSITIVE_MEDIUM,exact CableTempSensor fault code in title/description,,,,,,ID0484444-DC/Si-D/PT- [Y2/T7 400000196342] DC2_CableTempSensor_XD101,"Reported Behavior/Issue: DC2_CableTempSensor_XD101
HI, serial number
Y2/T7 400000196342
is available in SCB, but not available in ISP. Hence moving the case without adding the product.",,,No,,,,No,,additional_info[11].body; additional_info[12].subject; additional_info[15].subject; additional_info[2].body; additional_info[2].subject; additional_info[4].subject; additional_info[6].subject; additional_info[7].subject; additional_info[8].subject; description; title,"ID0484444-DC/Si-D/PT- [Y2/T7 400000196342] DC2_CableTempSensor_XD101 Reported Behavior/Issue: DC2_CableTempSensor_XD101 HI, serial number Y2/T7 400000196342 is available in SCB, but not available in ISP. Hence moving the case without adding the product.",11,43269c76-1a21-f111-8342-000d3ab11fb1.json
0484183_DC2,0484183,659babb5-cf1e-f111-8342-000d3ab12cfa,B9kcjx,MP / R0 170002860,DC2,DC2_CABLETEMPSENSOR_XD101,2026-03-13T11:28:15Z,ticket_created,2026-03-13T11:28:15Z,2026-03-13T11:28:15Z,,POSITIVE_MEDIUM,exact CableTempSensor fault code in title/description,,,,,,ID0484183-DC/Si-D/DE-[MP / RO 170002860] DC2_CableTempSensor_XD101,"Reported behavior/issue: Defective Charging cable
Solution: NA
yyyy-mm-dd: NA",,NA,No,,,,No,,additional_info[14].subject; additional_info[5].body; additional_info[8].subject; title,ID0484183-DC/Si-D/DE-[MP / RO 170002860] DC2_CableTempSensor_XD101 Reported behavior/issue: Defective Charging cable Solution: NA yyyy-mm-dd: NA,4,659babb5-cf1e-f111-8342-000d3ab12cfa.json
0483948_DC1,0483948,dc63ca59-2922-4ee9-99c2-11ded821862d,fDzl60,MP / S6 170003725,DC1,DC1_CABLETEMPSENSOR_XD100,2026-03-12T14:13:47Z,additional_info,2026-03-12T12:01:15Z,2026-03-12T14:13:47Z,,REVIEW,diagnostic fault flags,,,Yes,DUP_0013,Yes,ID0483948-DC/Si-D/DE-[MP / S6 170003725] CP1 - faulted - secc is initializing,"Reported behavior/issue-
CP1 - faulted - secc is initializing",,,No,,,VIV:0; RNE:1; KON:1,No,,additional_info[3].body; additional_info[6].body,Problem Description : Outlet 1 out of order due to CableTempSensor flag (DC1_CableTempSensor_XD100 PLC DEVICE true VIV:0 RNE:1 KON:1) DC1 Errorcode 4 Action Performed (L2) : Charger SW Version: Reason for Handover (L3) : Fault history,2,dc63ca59-2922-4ee9-99c2-11ded821862d.json
0483950_DC2,0483950,0819aa51-7acf-4038-a01b-101bf0d4f772,uoQAdw,MP / P3 170000422,DC2,DC2_CABLETEMPSENSOR_XD101,2026-03-12T12:04:09Z,ticket_created,2026-03-12T12:04:09Z,2026-03-12T12:04:09Z,,POSITIVE_HIGH,exact CableTempSensor fault code in title/description; diagnostic fault flags,,,,,Yes,ID0483950-DC/Si-D/DE-[MP / P3 170000422] DC2_CableTempSensor_XD101,"Reported behavior/issue: DC2_CableTempSensor_XD101
Solution:",,,No,,,VIV:0; PLE:1; KON:1,No,,additional_info[11].subject; additional_info[12].body; additional_info[12].subject; additional_info[13].subject; additional_info[14].body; additional_info[14].subject; additional_info[18].subject; additional_info[19].body; additional_info[19].subject; additional_info[1].body; additional_info[20].subject; additional_info[22].body; additional_info[22].subject; additional_info[23].body; additional_info[23].subject; additional_info[24].subject; additional_info[26].body; additional_info[26].subject; additional_info[2].body; additional_info[2].subject; additional_info[6].subject; additional_info[7].body; additional_info[7].subject; additional_info[9].subject; description; title,ID0483950-DC/Si-D/DE-[MP / P3 170000422] DC2_CableTempSensor_XD101 Reported behavior/issue: DC2_CableTempSensor_XD101 Solution:,26,0819aa51-7acf-4038-a01b-101bf0d4f772.json
0483261_DC1,0483261,55e4a1c4-2089-4e71-a797-aa41e8e8d352,l9vpqq,RVP/T5170004750,DC1,DC1_CABLETEMPSENSOR_XD100,2026-03-10T07:41:52Z,ticket_created,2026-03-10T07:41:52Z,2026-03-10T07:41:52Z,,POSITIVE_MEDIUM,exact CableTempSensor fault code in title/description,,,,,,ID0483261-DC/Si-D/DK-[RVP/T5170004750] DC1_CableTempSensor_XD100,Reported Behavior/Issue: DC1_CableTempSensor_XD100,,,No,,,,No,,additional_info[3].body; additional_info[3].subject; additional_info[7].subject; additional_info[8].subject; description; title,ID0483261-DC/Si-D/DK-[RVP/T5170004750] DC1_CableTempSensor_XD100 Reported Behavior/Issue: DC1_CableTempSensor_XD100,6,55e4a1c4-2089-4e71-a797-aa41e8e8d352.json
0483248_DC1,0483248,38f50904-501c-f111-8342-000d3ab12cf3,Sf3dbc,RVP/SN170004283,DC1,DC1_CABLETEMPSENSOR_XD100,2026-03-10T07:09:07Z,ticket_created,2026-03-10T07:09:07Z,2026-03-10T07:09:07Z,,POSITIVE_MEDIUM,exact CableTempSensor fault code in title/description,,,Yes,DUP_0007,Yes,ID0483248-DC/Si-D/AT-[RVP/SN170004283] DC1_CableTempSensor_XD100,"Reported behaviour/issue: Temp sensor problem for DC1 in the errorflags when in ecog it is not vissible?
Root cause: CabSens value too high",CabSens value too high,,No,,,,No,,additional_info[11].subject; additional_info[4].body; title,ID0483248-DC/Si-D/AT-[RVP/SN170004283] DC1_CableTempSensor_XD100 Reported behaviour/issue: Temp sensor problem for DC1 in the errorflags when in ecog it is not vissible? Root cause: CabSens value too high,3,38f50904-501c-f111-8342-000d3ab12cf3.json
0483107_DC1,0483107,b2decb16-c2ca-412e-b96a-9f2011cd859b,pSJ5Cc,MP / R3 170001600,DC1,DC1_CABLETEMPSENSOR_XD100,2026-03-09T14:40:25Z,ticket_created,2026-03-09T14:40:25Z,2026-03-09T14:40:25Z,,POSITIVE_HIGH,exact CableTempSensor fault code in title/description; diagnostic fault flags,,,,,,ID0483107-DC/Si-D/DE-[MP/R3 170001600] DC1_CableTempSensor_XD100,"Reported behavior/issue:
DC1_CableTempSensor_XD100
Solution: NA
yyyy-mm-dd: NA",,NA,No,,,VIV:0; PLE:1; KON:1; SOV:1; CMD:0; FBK:1; FBK:0,No,,additional_info[11].subject; additional_info[12].subject; additional_info[13].body; additional_info[13].subject; additional_info[14].body; additional_info[14].subject; additional_info[16].subject; additional_info[18].subject; additional_info[19].subject; additional_info[1].body; additional_info[20].body; additional_info[20].subject; additional_info[21].subject; additional_info[7].body; additional_info[7].subject; description; title,ID0483107-DC/Si-D/DE-[MP/R3 170001600] DC1_CableTempSensor_XD100 Reported behavior/issue: DC1_CableTempSensor_XD100 Solution: NA yyyy-mm-dd: NA,17,b2decb16-c2ca-412e-b96a-9f2011cd859b.json
0482573_DC1,0482573,af90fb15-3019-f111-8342-7ced8d44d1ac,Xux2b5,MP / P9 170000892,DC1,DC1_CABLETEMPSENSOR_XD100,2026-03-06T07:42:57Z,ticket_created,2026-03-06T07:42:57Z,2026-03-06T07:42:57Z,,POSITIVE_MEDIUM,exact CableTempSensor fault code in title/description,,,,,,ID0482573-DC/Si-D/FR-[MP / P9 170000892] DC1_CableTempSensor_XD100,Reported behaviour/issue: Rising Temperature Errors on CCS #1.,,,No,,,,No,,additional_info[6].subject; title,ID0482573-DC/Si-D/FR-[MP / P9 170000892] DC1_CableTempSensor_XD100 Reported behaviour/issue: Rising Temperature Errors on CCS #1.,2,af90fb15-3019-f111-8342-7ced8d44d1ac.json
0481235_DC2,0481235,ddd0e671-931f-41b1-abf7-a1d8c8fe1186,ywghBS,MP / R0 170002833,DC2,DC2_CABLETEMPSENSOR_XD101,2026-03-06T06:37:09Z,additional_info,2026-02-27T13:19:36Z,2026-03-06T06:37:09Z,,REVIEW,diagnostic fault flags,,,,,,ID0481235-DC/Si-D/DE-[MP / R0 170002833] Charging processes are interrupted,Reported behaviour/issue: Charging processes are interrupted for no reason,,,No,,,VIV:0; PLE:1; KON:1,No,,additional_info[7].body,"Semih [CTD] |Outlet=DC2|CableName=EV-T2M4CC-DC|EventType=Error|Tdiff(degC)=25.9|Contact1(degC)=54.9|Contact2(degC)=29.0|Power(kW)=0.0|Current(A)=0.0|Energy(kWh)=4.6| DC2: Charging Cable Sensor Validation Error, see other logs for details PLC-Error-Flag 'DC2_CableTempSensor_XD101' initial value true - (VIV:0 PLE:1 KON:1) [4322] [DCC] DC2: Charging Phase ""P06_CHARGE"" --> ""P07_STOP_CHARGE"" 1x 8EM5903-0AA02-6AA2 1 DC CHARGING CABLE 8EM5903-0AA02-6AA2 -XD100, -XD101 Charging Cable CCS2 250A 1000V 5,82m CCS 250 A / 400 A (Boost) 5 m",1,ddd0e671-931f-41b1-abf7-a1d8c8fe1186.json
0482480_UNKNOWN,0482480,0a9c59de-5fc2-46c8-9d71-999298191d6c,9r8xnh,MP / S3 170003352,,,2026-03-05T16:56:44Z,additional_info,2026-03-05T16:01:07Z,2026-03-05T16:56:44Z,,REVIEW,sensor/troubleshooting evidence,,,,,,ID0482480-DC/Si-D/DK- [MP / S3 170003352] Temp Sensor Issue,Reported Behavior/Issue: Temp Sensor Issue,,,No,,,,No,,additional_info[5].body,"L3 escalation Following the directions of L3, we have to send all the CableTempSensor ticket to L3.",1,0a9c59de-5fc2-46c8-9d71-999298191d6c.json
0482374_UNKNOWN,0482374,643879b1-6b5b-4066-b307-9d9d2467eee9,fDzl60,MP / S6 170003725,,,2026-03-05T12:49:34Z,additional_info,2026-03-05T11:23:52Z,2026-03-05T12:49:34Z,,REVIEW,sensor/troubleshooting evidence,,,,,,ID0482374-DC/Si-D/DE - [MP / S6 170003725] Repeated Status Faulted,"Reported Behavior/Issue: Repeated Status Faulted
Solution:",,,No,,,,No,,additional_info[4].body,"L3 escalation Following the directions of L3, we have to send all tickets regarding CableTempSensor to L3.",1,643879b1-6b5b-4066-b307-9d9d2467eee9.json
0482373_UNKNOWN,0482373,2494a376-8518-f111-8342-000d3ab124a4,08RTy5,Y2 / PN 312571675/06,,,2026-03-05T12:27:58Z,additional_info,2026-03-05T11:21:41Z,2026-03-05T12:27:58Z,,REVIEW,CableTempSensor appears only in timeline content,,,,,,ID0482373-DC/Si-D/FR- [Y2 / PN 312571675/06] DC1 Connector Replacement,Reported behavior/Issue: DC1 Connector Replacement,,,No,,,,No,,additional_info[4].body,Suspected Root Cause : Problem Description : _CableTempSensor_XD100 Action Performed (L2) : Charger SW Version: v8.1.4-0-g5b0f2d0 Reason for Handover (L3) : Fault history :af Log analysis with timestamp : Attachement,1,2494a376-8518-f111-8342-000d3ab124a4.json
0482371_UNKNOWN,0482371,f97e8b2c-8518-f111-8342-000d3ab12a27,F08dg8,Y2 / PN 312562229/02,,,2026-03-05T12:25:02Z,additional_info,2026-03-05T11:19:33Z,2026-03-05T12:25:02Z,,REVIEW,CableTempSensor appears only in timeline content,,,,,,ID0482371-DC/Si-D/FR- [Y2 / PN 312562229/02] DC2 Sensor Replacement,Reported behavior/Issue: DC2 Sensor Replacement,,,No,,,,No,,additional_info[4].body,Suspected Root Cause : Problem Description : _CableTempSensor_XD100 Action Performed (L2) : Charger SW Version: v8.1.4-0-g5b0f2d0 Reason for Handover (L3) : Fault history :af Log analysis with timestamp : Attachement,1,f97e8b2c-8518-f111-8342-000d3ab12a27.json
0482376_DC2,0482376,3352d1ed-8518-f111-8341-6045bddfa615,pRRz0u,Y2 / P8 312547889/13,DC2,DC2_CABLETEMPSENSOR_XD101; DC2_CABLETEMPSENSOR_XD100,2026-03-05T11:25:03Z,ticket_created,2026-03-05T11:25:03Z,2026-03-05T11:25:03Z,,POSITIVE_MEDIUM,exact CableTempSensor fault code in title/description,,,,,,ID0482376-DC/Si-D/FR-[Y2 / P8 312547889/13] DC2_CableTempSensor_XD101,"Reported behaviour/issue:
“DC2_CableTempSensor_XD101” and
“DC2_CableTempSensor_XD100”
Solution: NA
yyyy-mm-dd: NA",,NA,No,,,,No,,additional_info[11].body; additional_info[11].subject; additional_info[12].subject; additional_info[4].body; additional_info[5].subject; additional_info[6].subject; additional_info[8].body; additional_info[8].subject; additional_info[9].subject; description; title,ID0482376-DC/Si-D/FR-[Y2 / P8 312547889/13] DC2_CableTempSensor_XD101 Reported behaviour/issue: “DC2_CableTempSensor_XD101” and “DC2_CableTempSensor_XD100” Solution: NA yyyy-mm-dd: NA,11,3352d1ed-8518-f111-8341-6045bddfa615.json
0482266_DC2,0482266,96e453c8-6618-f111-8342-7ced8d44dfaf,ovPnwz,MP / P0 170001112,DC2,DC2_CABLETEMPSENSOR_XD101,2026-03-05T07:41:59Z,ticket_created,2026-03-05T07:41:59Z,2026-03-05T07:41:59Z,,POSITIVE_MEDIUM,exact CableTempSensor fault code in title/description,,,Yes,DUP_0011,Yes,ID0482266-DC/Si-D/FR-[MP / P0 170001112] DC2_CableTempSensor_XD101,Reported behaviour/issue: Temperature errors on CCS #3.,,,No,,,,No,,additional_info[6].subject; title,ID0482266-DC/Si-D/FR-[MP / P0 170001112] DC2_CableTempSensor_XD101 Reported behaviour/issue: Temperature errors on CCS #3.,2,96e453c8-6618-f111-8342-7ced8d44dfaf.json
0482040_UNKNOWN,0482040,51fb9d1f-ad17-f111-8342-7ced8d44d1ac,2cb4QG,Y2 / PN 312562229/01,,,2026-03-04T11:58:56Z,additional_info,2026-03-04T09:32:56Z,2026-03-04T11:58:56Z,,REVIEW,CableTempSensor appears only in timeline content,,,,,,ID0482040-DC/Si-D/FR-[Y2 / PN 312562229/01] Temperature errors,"Reported behavior/issue-
Temperature errors",,,No,,,,No,,additional_info[4].body,"Cable TempSensor Dear L3 Team, Can you please check CableTempSensor Issue in DC2",1,51fb9d1f-ad17-f111-8342-7ced8d44d1ac.json
0482049_UNKNOWN,0482049,cb0f2c0e-af17-f111-8342-000d3ab127aa,HJavHd,Y2 / PN 312562229/26,,,2026-03-04T11:15:56Z,additional_info,2026-03-04T09:46:46Z,2026-03-04T11:15:56Z,,REVIEW,failure/error language,,,,,,ID0482049-DC/Si-D/FR- [Y2 / PN 312562229/26] CCS Temperature Failure,Reported Behavior/Issue: CCS Temperature Failure,,,No,,,,No,,additional_info[4].body,CableTemp Sesor Can you please check CableTempSensor Error. Continuously happening in DC2. Customer also provide cable head photo. If need to send for replacement please assign back to me.,1,cb0f2c0e-af17-f111-8342-000d3ab127aa.json
0482043_DC2,0482043,a09e55bd-ad17-f111-8341-0022489eabb6,ovPnwz,MP / P0 170001112,DC2,DC2_CABLETEMPSENSOR_XD101,2026-03-04T09:37:22Z,ticket_created,2026-03-04T09:37:22Z,2026-03-04T09:37:22Z,,POSITIVE_MEDIUM,exact CableTempSensor fault code in title/description,,,Yes,DUP_0011,Yes,ID0482043-DC/Si-D/FR-[MP/P0 170001112] DC2_CableTempSensor_XD101,"Reported behavior/issue-
Temperature errors",,,No,,,,No,,additional_info[10].subject; additional_info[12].subject; additional_info[13].subject; additional_info[4].body; additional_info[7].body; additional_info[7].subject; title,ID0482043-DC/Si-D/FR-[MP/P0 170001112] DC2_CableTempSensor_XD101 Reported behavior/issue- Temperature errors,7,a09e55bd-ad17-f111-8341-0022489eabb6.json
0482020_DC2,0482020,7883e70e-9d17-f111-8342-7ced8d44d1ac,NKqOgs,Y2 / PN 312569868/08,DC2,DC2_CABLETEMPSENSOR_XD101,2026-03-04T07:37:57Z,ticket_created,2026-03-04T07:37:57Z,2026-03-04T07:37:57Z,,POSITIVE_HIGH,exact CableTempSensor fault code in title/description; sensor/troubleshooting evidence,,,,,,ID0482020-DC/Si-D/FR- [Y2 / PN 312569868/08] DC2_CableTempSensor_XD101,Reported behavior/Issue: False Temperature Alarms,,,No,,,,No,,additional_info[10].body; additional_info[10].subject; additional_info[11].subject; additional_info[12].subject; additional_info[8].subject; additional_info[9].subject; title,ID0482020-DC/Si-D/FR- [Y2 / PN 312569868/08] DC2_CableTempSensor_XD101 Reported behavior/Issue: False Temperature Alarms,7,7883e70e-9d17-f111-8342-7ced8d44d1ac.json
0481792_DC1,0481792,769cf002-eb16-f111-8342-7ced8d44ddd4,59S7Ej,RVP/T3170004597,DC1,DC1_CABLETEMPSENSOR_XD100,2026-03-03T10:55:54Z,additional_info,2026-03-03T10:23:26Z,2026-03-03T10:55:54Z,,REVIEW,failure/error language,,,,,,ID0481792-DC/Si-D/FR-[RVP/T3170004597] Cable Theft Error,Reported Behavior/Issue: Cable Theft Error,,,No,,,,No,,additional_info[4].body,Suspected Root Cause : Problem Description : Cable Theft Error - DC1_CableTempSensor_XD100. Action Performed (L2) : Charger SW Version: v8.1.4-0-g5b0f2d0 Reason for Handover (L3) : Fault history :af Log analysis with timestamp : Attachement,1,769cf002-eb16-f111-8342-7ced8d44ddd4.json
0481628_DC1,0481628,931a7f3e-4b16-f111-8341-6045bddf699a,RFhsW1,Y2 / P0 312567479/17,DC1,DC1_CABLETEMPSENSOR_XD100,2026-03-02T15:19:53Z,ticket_created,2026-03-02T15:19:53Z,2026-03-02T15:19:53Z,,POSITIVE_HIGH,exact CableTempSensor fault code in title/description; failure/error language,,,,,,ID0481628-DC/Si-D/FR-[Y2/P0 312567479/17] DC1_CableTempSensor_XD100,"Reported behavior/issue: - All charging sessions on charging point 1 stop after approximately 1 minute, with no apparent error message.
Solution: Doublette of ID0486111",,Doublette of ID0486111,No,,,,No,,additional_info[4].body; additional_info[8].subject; title,"ID0481628-DC/Si-D/FR-[Y2/P0 312567479/17] DC1_CableTempSensor_XD100 Reported behavior/issue: - All charging sessions on charging point 1 stop after approximately 1 minute, with no apparent error message. Solution: Doublette of ID0486111",3,931a7f3e-4b16-f111-8341-6045bddf699a.json
0481513_DC1,0481513,83fcb018-1d16-f111-8341-000d3adbefbd,S873li,RVP/T3170004583,DC1,DC1_CABLETEMPSENSOR_XD100,2026-03-02T09:49:31Z,ticket_created,2026-03-02T09:49:31Z,2026-03-02T09:49:31Z,,POSITIVE_HIGH,exact CableTempSensor fault code in title/description; failure/error language,,,,,,ID0481513-DC/Si-D/FR-[RVP/T3170004583] False Cable Theft,"Reported behavior/issue -
The terminal has been reporting the error ""Cable theft"" and
""DC1_CableTempSensor_XD100"" since 26/02/06, even after
several reboots.
Add charger to MSE portal
Wrong Cable Theft - TS2RD-68",,,No,,,,No,,additional_info[2].body; additional_info[4].subject; description,"ID0481513-DC/Si-D/FR-[RVP/T3170004583] False Cable Theft Reported behavior/issue - The terminal has been reporting the error ""Cable theft"" and ""DC1_CableTempSensor_XD100"" since 26/02/06, even after several reboots. Add charger to MSE portal Wrong Cable Theft - TS2RD-68",3,83fcb018-1d16-f111-8341-000d3adbefbd.json
0481498_UNKNOWN,0481498,52fe9e7c-1316-f111-8341-000d3adbefbd,hyBK6l,Y2 / P0 312567479/16,,,2026-03-02T09:31:21Z,additional_info,2026-03-02T08:40:44Z,2026-03-02T09:31:21Z,,REVIEW,failure/error language,,,,,,ID0481498-DC/Si-D/FR- [Y2 / P0 312567479/16] False Cable Theft Error,"Reported Behavior/issue: False Cable Theft Error
Solution: TS2RD-68",,TS2RD-68,No,,,,No,,additional_info[4].body; additional_info[4].subject,CableTempSensor There is a CableTempSensor issue. Can you please check? Customer complains about `Cable Theft` error code. This maybe for the sensor issue. Can you please check details.,2,52fe9e7c-1316-f111-8341-000d3adbefbd.json
0480550_DC1,0480550,e71055b4-c482-444d-bf6f-4ae2f1c1b56c,fDzl60,MP / S6 170003725,DC1,DC1_CABLETEMPSENSOR_XD100,2026-02-27T12:27:49Z,additional_info,2026-02-25T07:41:21Z,2026-02-27T12:27:49Z,,REVIEW,diagnostic fault flags,,,Yes,DUP_0013,Yes,ID0480550-DC/Si-D/DE-[MP / S6 170003725] CP1 faulted - secc is initializing,Reported behaviour/issue: CP1 faulted - secc is initializing,,,No,,,VIV:0; RNE:1; KON:1,No,,additional_info[7].body,"Semih DC1_CableTempSensor_XD100 PLC DEVICE true VIV:0 RNE:1 KON:1 Outlet_DC1_codes PLC INFO true DC1 Errorcode:4 Meter_BC6_AC_Input PLC DEVICE true Current transformers potentially defective 1 8EM5903-0AA04-3AA5 -XD100, -XD101 Charging cable 375 A / 5 m Phoenix 375 A (500 A peak) non-cooled cable, 5 m L2 looks weird 1 8EM5903-0AA05-0AA3 -TA1, -TA2, -TA3 current transformer 750 A - 5 A Grid AC Meter",1,e71055b4-c482-444d-bf6f-4ae2f1c1b56c.json
0481175_DC1,0481175,075ba3d8-79a1-4cfb-8bf4-7c609bf90c74,6t1par,MP / S1 170003220,DC1,DC1_CABLETEMPSENSOR_XD100,2026-02-27T10:25:23Z,additional_info,2026-02-27T09:52:23Z,2026-02-27T10:25:23Z,,REVIEW,failure/error language; diagnostic fault flags,,,,,,ID0481175-DC/Si-D/DE- [MP / S1 170003220] DC1 Out of Order,Reported Behavior/Issue: DC1 Out of Order,,,No,,,VIV:0; RNE:1; KON:1,No,,additional_info[4].body,Semih Cabletemp error on DC1 EM5903-0AA02-6AA2 1 DC CHARGING CABLE last 1week over 600 Times last 2h error show up 7times 2026-02-27T08:49:26.563575+00:00 [FW080104G1] sicharge-cp [local0:err] sicharge-cp-backend/e9cf9c5f07a6[2254]: PLC-Error-Flag 'DC1_CableTempSensor_XD100' initial value true - (VIV:0 RNE:1 KON:1) @timestamp 1772182167209,1,075ba3d8-79a1-4cfb-8bf4-7c609bf90c74.json
0481174_DC2,0481174,0f7ea4cd-c113-f111-8341-0022489ff661,D97xNg,MP / R5 170001923,DC2,DC2_CABLETEMPSENSOR_XD101,2026-02-27T09:50:58Z,ticket_created,2026-02-27T09:50:58Z,2026-02-27T09:50:58Z,,POSITIVE_HIGH,exact CableTempSensor fault code in title/description; failure/error language; completed repair/resolution evidence,,,,,,ID0481174-DC/Si-D/FR-[MP/R5 170001923] DC2_CableTempSensor_XD101,"Reported behavior/issue-  Cable theft error and ""DC2_CableTempSensor_XD101"" on EVSE 03 between authorize and start transaction message.
Solution: TS2RD-68",,TS2RD-68,Yes,2026-03-02T09:49:39Z,"RE: Webform_incident_SiCharge D_27-02-2026_SN: R5 170001923 CRM:03275000117 Hi, Ok thank you. Does the temperature sensor need to be replaced? Cordialement, Cordialement, Florent NICOLAS Responsable supervision région sud florent.nicolas@engie.com +33 7 87 84 21 41 engie-vianeo.com Urban Garden 6 Rue Alexander Fleming 69007 Lyon De : emobility_support.si@siemens.com <emobility_support.si@siemens.com> Envoyé : lundi 2 mars 2026 09:58 À : NICOLAS Florent (ENGIE Mobilités Electriques) <florent.nicolas@engie.com> Objet : Webform_incident_SiCharge D_27-02-2026_SN: R5 170001923 CRM:03275000117 Dear florent nicolas, Thank you for reaching out. Following your request and after our check, we identified that the sensor temperature is the cause of the reported issue, as shown in the screenshot below. Please note that I am currently mentoring Dear florent nicolas, Thank you for reaching out. Following your request and after our check, we identified that the sensor temperature is the cause of the reported issue, as shown in the screenshot below. Please note that I am currently mentoring the charger to ensure that the appropriate corrective actions are taken to resolve this issue as soon as p...",,No,,additional_info[10].subject; additional_info[11].body; additional_info[11].subject; additional_info[12].subject; additional_info[8].subject; additional_info[9].subject; description; title,"ID0481174-DC/Si-D/FR-[MP/R5 170001923] DC2_CableTempSensor_XD101 Reported behavior/issue- Cable theft error and ""DC2_CableTempSensor_XD101"" on EVSE 03 between authorize and start transaction message. Solution: TS2RD-68",8,0f7ea4cd-c113-f111-8341-0022489ff661.json
0480088_UNKNOWN,0480088,ef3c85e2-c810-f111-8407-7ced8d44dcb4,Zm5QuW,"Y2 / S6 313717534007,Y2 / S6 313717534008",,,2026-02-27T08:04:35Z,additional_info,2026-02-23T15:04:02Z,2026-02-27T08:04:35Z,,REVIEW,sensor/troubleshooting evidence; completed repair/resolution evidence,,,,,,ID0480088-DC/Si-D/BE- [Multi] CP line resistance and issues on cables,Reported behavior/issue: Persistent Connectivity Issue,,,Yes,2026-05-06T11:38:10Z,"ID0480088-DC/Si-D/BE- [Multi] CP line resistance and issues on cables CRM:03380000236 Dear Matty, I would like to inform you that your support case 0480088 has been resolved. Here is a summary of the actions taken: Our FSE was on site today and confirms that the Charger is online and the replacement of parts were not needed. Since the reported issue has been resolved, I will proceed to close this case. Thank you for your cooperation, and please don’t hesitate to reach out through our support form for any future requests: www.siemens.com/emobility-service-request With best regards, eMobility Technical Support Team – Mahek Butt Please do not change the subject line when replying to this email.",,No,,additional_info[8].body,"to drop. Due to this finding the CCS2 cable was replaced. 5 days after replacing the CCS2 cable it has become defective again. Because of the following findings I doubt that replacing the CCS2 cable again will solve the issue for long term. Is this a known issue/possibility that the ECOG breaks the PT1000 and CP line of the CCS2 cable? W hen I measure the outlet 2 CP wire (CP wire in X16) to the CCS2 plug, I measure 35-45k ohms. Compared this with outlet 1, should be 0 ohm. See pictures. Also a CableTempSensor error is active in SCB. I removed the CCS2 PT1000 sensors at X16 and measured the resistance of the Pt1000 and compared the values with outlet 1 of the same charger. Finding is that the PT1000 P1(BU)-N1(WH) is 240Ohm. Which is low compared to the other PT1000 values of around 1,5kOhm up to 2,5kOhm in this charger. 241 Ohm on outlet 2 PT1000 (BLUE-WHITE) Measured 2,15kOhm on working outlet 1 (BLUE-WHITE)",1,ef3c85e2-c810-f111-8407-7ced8d44dcb4.json
0480750_DC1,0480750,44aeae46-6412-f111-8407-7ced8d44db54,rruO49,MP / P4 170000457,DC1,DC1_CABLETEMPSENSOR_XD100,2026-02-25T16:28:33Z,additional_info,2026-02-25T16:08:55Z,2026-02-25T16:28:33Z,,REVIEW,CableTempSensor appears only in timeline content,,,,,,ID0480750-DC/Si-D/IL- [MP / P4 170000457] DC1 and DC2 Faults,"Reported Behavior/Issue: DC1 and DC2 Faults
Solution: Check IMD BC1
Cable Theft problem - TS2RD-68",,Check IMD BC1 Cable Theft problem - TS2RD-68,No,,,,No,,additional_info[5].body,Suspected Root Cause : DC1 and DC2 Faults Problem Description : DC1_CableTempSensor_XD100 Action Performed (L2) : Charger SW Version: v8.1.4-0-g5b0f2d0 Reason for Handover (L3) : Fault history : af Log analysis with timestamp : Attachement :,1,44aeae46-6412-f111-8407-7ced8d44db54.json
0477738_UNKNOWN,0477738,f28c8be7-1507-f111-8407-7ced8d44db54,ta8hFv,MP / R5 170001871,,,2026-02-25T11:32:44Z,additional_info,2026-02-11T06:50:18Z,2026-02-25T11:32:44Z,,REVIEW,CableTempSensor appears only in timeline content,,,,,,ID0477738-DC/Si-D/DE-[MP / R5 170001871] Intermittent Unavailability of Charging Points,"Reported behaviour/issue: Intermittent Unavailability of Charging Points”
Charger is out of warranty.",,,No,,,,No,,additional_info[14].body; additional_info[14].subject,"CableTempSensor The customer sent 3 time stamp: Only 10-02-2026 ( 7:33) I found the issue with CableTempSensor Can you check further please. If it needs to replace. Other than that I found: mqtt: pt/statusenquiry/response {""status"":""error"",""message"":""no terminal connected"",""details"":""no terminal connected""} lots of time. But Francisco told me its not an error.",2,f28c8be7-1507-f111-8407-7ced8d44db54.json
0480318_DC2,0480318,f4d126fb-cd19-4da4-8ce5-ddb542327e24,JFprdw,RVP/T5170004804,DC2,DC2_CABLETEMPSENSOR_XD101,2026-02-24T12:10:22Z,additional_info,2026-02-24T12:09:15Z,2026-02-24T12:10:22Z,,REVIEW,CableTempSensor appears only in timeline content,,,,,,ID0480318-DC/Si-D/SE-[RVP/T5170004804] Charger Overheat Issue,Reported behavior/issue: Charger Overheat Issue,,,No,,,,No,,additional_info[2].body,"We have had a long ongoing problem regarding Cheap Charge Värnamo, the linked charger (asset), I don't know if you can see the previous history about the matter. It has had major problems with various error messages, mainly regarding temperature warnings. But the problem continues at the same pace and the charger sends error messages almost continuously. It sends the following error messages all the time: Faulted: OtherError: overheat error - (DC2_CableTempSensor_XD101: overheat error) Faulted: OtherError: overheat error|DC+=16.8°C|DC-=100.2°C - (DC2_CableTempSensor_XD101: overheat error|DC+=16.8°C|DC-=100.2°C) Faulted: OtherError: - (Indication: Cable theft: ) Magnus Hellberg (magnus.hellberg@siemens.com) has detailed information on the matter.",1,f4d126fb-cd19-4da4-8ce5-ddb542327e24.json
0479879_DC2,0479879,24e580b6-0ef8-4ef6-bfaf-7eaca9504e63,HHSCSk,Y2/S3 300000004078,DC2,DC2_CABLETEMPSENSOR_XD101,2026-02-23T08:51:55Z,additional_info,2026-02-23T08:34:54Z,2026-02-23T08:51:55Z,,REVIEW,CableTempSensor appears only in timeline content,,,,,,ID0479879-DC/Si-D/TR-[Y2/S3 300000004078] Charging Cable Sensor Plausibility Contact Temperatures,Reported behavior/issue: Charging Cable Sensor Plausibility Contact Temperatures,,,No,,,,No,,additional_info[6].body; additional_info[7].body; additional_info[7].subject,"ID0479879-DC/Si-D/TR-[Y2/S3 300000004078] Charging Cable Sensor Plausibility Contact Temperatures CRM:03289000612 Dear Yunus, Following your request and after our checks, we observed that the error related to DC2_CableTempSensor_XD101 was flagged at 6:29 and again at 7:21, as shown in the screenshot. At present, the charger is healthy from our side. We will continue monitoring the charger throughout the day. If the problem appears again, we will send a handover for a site check. With best regards, Younes Baroudi eMobility Technical Support Team",3,24e580b6-0ef8-4ef6-bfaf-7eaca9504e63.json
0478981_UNKNOWN,0478981,6b5fb0c9-53d3-4013-9a25-bd417c093c77,ObibH9,MP / R1 170001229,,,2026-02-18T09:21:05Z,additional_info,2026-02-17T14:55:18Z,2026-02-18T09:21:05Z,,REVIEW,failure/error language,,,,,,ID0478981-DC/Si-D/NO- [MP / R1 170001229] Cable temp error,DC2 gets triggered by cable temp error. Not happening on all sessions but interferes with the user experience.,,,No,,,,No,,additional_info[6].body; additional_info[6].subject,CableTempSensor cableTempSensor recurring issue. Can you please check further:,2,6b5fb0c9-53d3-4013-9a25-bd417c093c77.json
0478383_DC2,0478383,260d0f7a-eb08-f111-8407-7ced8d44db54,HJoZYw,MP / R6 170002262,DC2,DC2_CABLETEMPSENSOR_XD101,2026-02-13T14:51:33Z,ticket_created,2026-02-13T14:51:33Z,2026-02-13T14:51:33Z,,POSITIVE_MEDIUM,exact CableTempSensor fault code in title/description,,,,,Yes,ID0478383-DC/Si-D/PL-[MP / R6 170002262] DC2_CableTempSensor_XD101,"Reported behavior/issue-
Charging session interruption
Solution: Monitor charger since it only happened 2 times since beginning of 2026
Note: Seems like the cable is starting to have DC pin issue or similar, 2 sessions the temperature difference went >=25ºC",,"Monitor charger since it only happened 2 times since beginning of 2026 Note: Seems like the cable is starting to have DC pin issue or similar, 2 sessions the temperature difference went >=25ºC",No,,,,No,,additional_info[4].subject; additional_info[6].body; additional_info[7].body; title,"ID0478383-DC/Si-D/PL-[MP / R6 170002262] DC2_CableTempSensor_XD101 Reported behavior/issue- Charging session interruption Solution: Monitor charger since it only happened 2 times since beginning of 2026 Note: Seems like the cable is starting to have DC pin issue or similar, 2 sessions the temperature difference went >=25ºC",4,260d0f7a-eb08-f111-8407-7ced8d44db54.json
0477982_DC1,0477982,03040cf1-d707-f111-8407-000d3ab12e50,zWI1qa,MP / N9 160381806,DC1,DC1_CABLETEMPSENSOR_XD100,2026-02-12T05:59:12Z,ticket_created,2026-02-12T05:59:12Z,2026-02-12T05:59:12Z,,POSITIVE_HIGH,exact CableTempSensor fault code in title/description; failure/error language,,,,,,ID0477982-DC/Si-D/DE-[MP / N9 160381806] error on the charger,"Reported behaviour/issue: DC1_CableTempSensor_XD100: temp diff error|DC+=27°C|DC-
=1.3°C",,,No,,,,No,,additional_info[2].body; description,ID0477982-DC/Si-D/DE-[MP / N9 160381806] error on the charger Reported behaviour/issue: DC1_CableTempSensor_XD100: temp diff error|DC+=27°C|DC- =1.3°C,2,03040cf1-d707-f111-8407-000d3ab12e50.json
0477979_DC1,0477979,66a7d9e8-d407-f111-8407-000d3ab11366,4veor8,MP / P7 170000784,DC1,DC1_CABLETEMPSENSOR_XD100,2026-02-12T05:37:29Z,ticket_created,2026-02-12T05:37:29Z,2026-02-12T05:37:29Z,,POSITIVE_HIGH,exact CableTempSensor fault code in title/description; failure/error language,,,,,,ID0477979-DC/Si-D/DE-[MP / P7 170000784] error on the charger,"Reported behaviour/issue: DC1_CableTempSensor_XD100: temp diff error|DC+=48.6°C|DC-
=23.6°C",,,No,,,,No,,additional_info[2].body; description,ID0477979-DC/Si-D/DE-[MP / P7 170000784] error on the charger Reported behaviour/issue: DC1_CableTempSensor_XD100: temp diff error|DC+=48.6°C|DC- =23.6°C,2,66a7d9e8-d407-f111-8407-000d3ab11366.json
0476978_DC1,0476978,320f769e-5203-f111-8407-000d3ab12cf3,pJWMOA,Y2/R0300000002002,DC1,DC1_CABLETEMPSENSOR_XD100,2026-02-06T11:54:47Z,ticket_created,2026-02-06T11:54:47Z,2026-02-06T11:54:47Z,,POSITIVE_HIGH,exact CableTempSensor fault code in title/description; completed repair/resolution evidence,,,,,,ID0476978-DC/Si-D/AT- [Y2/R0300000002002] DC1_CableTempSensor_XD100,"Reported behavior/issue: DC1_CableTempSensor_XD100 due to Outlet is offline, comm outage: 5001ms
Solution: No longer persisting, this Outlet offline is already being worked by EcoG in SASW-3173, recommendation for now is to check if the switch port or ethernet cable are ok",,"No longer persisting, this Outlet offline is already being worked by EcoG in SASW-3173, recommendation for now is to check if the switch port or ethernet cable are ok",Yes,2026-02-09T15:28:00Z,"s.com> Gesendet: Montag, 9. Februar 2026 10:37 An: Stelzl, Laurenz (SI E EU AT) <laurenz.stelzl@siemens.com> Betreff: ID0476978-DC/Si-D/AT- [Y2/R0300000002002] Chargecable Temperature Error CRM:03289000485 Hi Laurenz, good morning. I checked this charger and found where the CableTempSensor error happened: It seems that between 3rd and 4th january, there was this error where we lost communication to the PLC from the SECC. Since this last reported issue which was fixed by a reboot, the outlet DC1 has been working and charged 17 times successfully. From my point of view, there is only a couple of things we can check to fix this: Change XF1 switch port coming from KF12 Replace Ethernet cable from KF12 to XF1 Worst case scenario, if the problem persists even after performing these 2 tasks above, we might need to replace the EcoG, but in this case I only give the recommendation to replace after you provide feedbac",,No,,additional_info[5].body; additional_info[5].subject; additional_info[7].body; additional_info[8].body; additional_info[9].body; description; title,"ID0476978-DC/Si-D/AT- [Y2/R0300000002002] DC1_CableTempSensor_XD100 Reported behavior/issue: DC1_CableTempSensor_XD100 due to Outlet is offline, comm outage: 5001ms Solution: No longer persisting, this Outlet offline is already being worked by EcoG in SASW-3173, recommendation for now is to check if the switch port or ethernet cable are ok",7,320f769e-5203-f111-8407-000d3ab12cf3.json
0475966_DC1,0475966,96a25f77-4a00-f111-8407-7ced8d44d2c4,NpuVpQ,Y2/SD314047218001,DC1,DC1_CABLETEMPSENSOR_XD100,2026-02-02T16:18:36Z,additional_info,2026-02-02T15:18:47Z,2026-02-02T16:18:36Z,,REVIEW,failure/error language; diagnostic fault flags,,,,,,ID0475966-DC/Si-D/CZ- [Y2/SD314047218001] Charger Communication Failure,Reported Behavior/Issue: Charger Communication Failure,,,No,,,VIV:0; RNE:1; KON:1,No,,additional_info[4].body,":03276000060 Dear Service Coordinator / RC, I am writing to inform that we are moving the case 0475966 ﻿from the Technical Support to the eMobility RC-CZ SI E Queue. We kindly ask you to take over the case and perform the necessary troubleshooting steps. Customer: Product: Sicharge D - Charging Center Main Asset: Y2/SD314047218001 Charger ID / Serial No.: NpuVpQ Charger address/functional location: Priority: Medium Handover reason: Following the first problem you shared. DC1 Errorcode:4 and DC1_CableTempSensor_XD100 displayed VIV:0 RNE:1 KON:1 This error is also not showing on our side, but in case it appear again, this is the solution. Measure on-site and confirm the values by measuring directly on the cables coming from the CCS. If you see the same value, then the CCS is faulty and needs replacement. Otherwise, please measure the 1kOhm until you reach the KF212/214. P1 to P2 and N1 to N2 If you get 1kOhm until the StateMonitor, please try replacing the grey connector with a spare one (they have som",1,96a25f77-4a00-f111-8407-7ced8d44d2c4.json
0473971_UNKNOWN,0473971,7e814953-b3f7-f011-8406-7ced8d44d1ac,EICpgp,RVP/T3170004588,,,2026-01-23T07:22:02Z,additional_info,2026-01-22T16:56:52Z,2026-01-23T07:22:02Z,,REVIEW,failure/error language; completed repair/resolution evidence,,,,,,ID0473971-DC/Si-D/FR-[ RVP/T3170004588] bind socket failed Address already in use,"Reported behaviour/issue: Connector 1 is showing an error and negative meter values ​​are appearing on our backend.
Solution: bind socket failed Address already in use - reboot EcoG and docker",,bind socket failed Address already in use - reboot EcoG and docker,Yes,2026-01-26T08:12:38Z,"ID0473971-DC/Si-D/FR-[ RVP/T3170004588] Connector 1 issue CRM:02681001370 Hello Thimon, good morning. There was a software bug on the SECC which is already restored with a simple restart of the same. This is fixed in the upcoming release, so as soon as it's available please ask for an update to your regional contact and they will do it or reach out to us. Since the problem has been solved I will close the ticket. Thanks and have a nice week ahead. Best regards, Francisco",,No,,additional_info[4].body,"As Francisco said, Issue related to CableTempSensor need to forward L3 for better analysis. Can you please check the issue?",1,7e814953-b3f7-f011-8406-7ced8d44d1ac.json
0473571_DC1,0473571,5e51d774-aaf6-f011-8406-7ced8d44d2c4,1o1inV,MP/SO170003531,DC1,DC1_CABLETEMPSENSOR_XD100,2026-01-21T09:38:48Z,additional_info,2026-01-21T09:20:42Z,2026-01-21T09:38:48Z,,REVIEW,CableTempSensor appears only in timeline content,,,,,,ID0473571-DC/Si-D/PT-[MP / S0 170003531] DC2 Cable Temp Sensor,"Reported behavior/issue-
DC2 Cable Temp Sensor
Solution: Replace cable - 2Mohm measuremente on Temperature sensor",,Replace cable - 2Mohm measuremente on Temperature sensor,No,,,,No,,additional_info[4].body; additional_info[8].body,As Francisco told in L1+L2 Ms Team chat. Issue about DC CableTempSensor we must send to L3 queue for better analysis. Can you please check further?,2,5e51d774-aaf6-f011-8406-7ced8d44d2c4.json
0472423_UNKNOWN,0472423,78e3cf6e-04ca-4c3c-9cc0-965bb385181f,bJnDjO,MP / S2 170003321,,,2026-01-15T08:37:57Z,additional_info,2026-01-15T07:31:49Z,2026-01-15T08:37:57Z,,REVIEW,CableTempSensor appears only in timeline content,,,,,,ID0472423-DC/Si-D/DE-[ MP / S2 170003321] Charging Issue,Reported Behavior/Issue: Charging Issue,,,No,,,,No,,additional_info[3].body; additional_info[3].subject,"CableTempSensor Dear SiD Team, Can you check the issue with CableTempSensor Issue",2,78e3cf6e-04ca-4c3c-9cc0-965bb385181f.json
0471920_DC2,0471920,17e67306-a205-4589-8790-291bbeeb6732,sH2L1T,MP / S9 170004081,DC2,DC2_CABLETEMPSENSOR_XD101,2026-01-15T08:27:59Z,additional_info,2026-01-13T08:35:56Z,2026-01-15T08:27:59Z,,REVIEW,completed repair/resolution evidence,,,,,,ID0471920-DC/Si-D/IT-[MP / S9 170004081] Charger partially working for plug 2 faulted,Reported behavior/issue- Charger partially working for plug 2 faulted,,,Yes,2026-01-14T09:05:22Z,"R: ID0471920-DC/Si-D/IT-[MP / S9 170004081] Charger partially working for plug 2 faulted CRM:03056000941 Hello the charger 170004081 is partially working again, with connector 2 faulted. Since the issue occurs again, can you please check it once more? Thank you in advance Da: emobility_support.si@siemens.com <emobility_support.si@siemens.com> Inviato: martedì 13 gennaio 2026 10:01 A: Borrelli, Maria R. <maria.r.borrelli@accenture.com> Oggetto: [External] ID0471920-DC/Si-D/IT-[MP / S9 170004081] Charger partially working for plug 2 faulted CRM:03056000941 External email. Inspect before opening any links",,No,,additional_info[10].body; additional_info[16].body,"ID0471920-DC/Si-D/IT-[MP / S9 170004081] Charger partially working for plug 2 faulted CRM:03056000941 Dear Maria , After checking the charger, we can confirm that outlet 2 is out of use and the issue appears to be related to the DC2_CableTempSensor_XD101 . We will forward the ticket to the technical team to take the necessary actions to resolve the issue. With best regards, Younes Baroudi eMobility Technical Support Team",2,17e67306-a205-4589-8790-291bbeeb6732.json
0471339_UNKNOWN,0471339,a74b0aa2-1f2b-4b91-a174-53237923bf8f,7BZRvN,MP/T2170004379,,,2026-01-12T14:42:12Z,additional_info,2026-01-09T09:55:38Z,2026-01-12T14:42:12Z,,REVIEW,failure/error language,,,,,,ID0471339-DC/Si-D/IT- [MP/T2170004379] Plug Failure,"Reported Behavior/Issue: Plug Failure
Solution: Software Bug issue.",,Software Bug issue.,No,,,,No,,additional_info[3].body; additional_info[5].body,"RE: ID0471339-DC/Si-D/IT- [MP/T2170004379] Multiple Plug Failures CRM:03289000183 Dear Mr. Cancellieri, Thank you for raising the issue. Unfortunately from our end I don´t see any issue with CableTempSensor issue in this specific charger. May a bug issue. Can you please update the charger to latest FW version? Let me know if the issue still persist. Then we need to send a technician to the location to do manual troubleshooting. Otherwise a quick feedback will help to close the ticket. Mit Freundlichen Grüßen/ Melhores Cumprimentos/ Best Regards Harun Ar Rashid Technical Support Specialist (eMobility) Av. 25 de Abril 201, 2845-547, Corroios, Portugal. Email: harun.ar-rashid.ext@siemens.com",2,a74b0aa2-1f2b-4b91-a174-53237923bf8f.json
0471659_UNKNOWN,0471659,5eced9db-9bef-f011-8406-7ced8d44d1ac,gynNLw,MP / P9 170000900,,,2026-01-12T10:18:42Z,additional_info,2026-01-12T09:48:39Z,2026-01-12T10:18:42Z,,REVIEW,failure/error language,,,,,,ID0471659-DC/Si-D/AT- [MP / P9 170000900] Sensor Error,Reported behavior/issue: Sensor Error,,,No,,,,No,,additional_info[4].body,"Cable Temp Sensor Issue Hello SID team, This charger currently has no active error. As case owner said the issue about CableTempSensor. And Francisco said to forward all the case about the issue to check further. Can you check please Time: 12-01-2026 10:45",1,5eced9db-9bef-f011-8406-7ced8d44d1ac.json
0470960_UNKNOWN,0470960,a051ce35-6cec-f011-8544-7c1e523625c2,LSurCD,Y2 / S5 313661877001,,,2026-01-08T13:51:12Z,additional_info,2026-01-08T08:29:59Z,2026-01-08T13:51:12Z,,REVIEW,CableTempSensor appears only in timeline content,,,,,,ID0470960-DC/Si-D/DE-[Y2/S5 313651774001] Connector  4 issue,"Reported behavior/issue-
Connector  4 issue",,,No,,,,No,,additional_info[9].body; additional_info[9].subject,"CabletempSensor Dear SiD Team, Can you please check the CableTempSensor Issue? It has also problem with converter issue in DC4. I didn´t perform any reboot. Because the charger is always occupied in another outlet.",2,a051ce35-6cec-f011-8544-7c1e523625c2.json
0470969_UNKNOWN,0470969,d325bdd4-6dec-f011-8544-7ced8d425d60,FtR1vO,MP / S6 170003777,,,2026-01-08T09:23:30Z,additional_info,2026-01-08T08:41:34Z,2026-01-08T09:23:30Z,,REVIEW,failure/error language; completed repair/resolution evidence,,,,,,ID0470969-DC/Si-D/BE-[MP / S6 170003777] Plug 1 is in error,"Reported behavior/issue-
Plug 1 is in error
Solution: Replace CCS cable - temperature sensors are not reading ~1kOhm",,Replace CCS cable - temperature sensors are not reading ~1kOhm,Yes,2026-01-12T09:22:37Z,"Re: ID0470969-DC/Si-D/BE-[MP / S6 170003777] Plug 1 is in error CRM:03056000897 Dear Fransisco, Thanks for your message. We've confirmed on site that we don't see ~1kOhm and the cable needs to be replaced. This has been discussed with Bart (in copy). Met vriendelijke groeten / Cordialement / Kind regards, Van: emobility_support.si@siemens.com <emobility_support.si@siemens.com> Verzonden: vrijdag 9 januari 2026 14:32 Aan: Siemensticket <siemensticket@sparki.be> Onderwerp: ID0470969-DC/Si-D/BE-[MP / S6 170003777] Plug 1 is in error CRM:03056000897 Hello Gerrit, good afternoon. Happy New Year, I hope you are doing well. I checked remotely and the Plug1 seems to be reading the temperature values incorrectly: It's reading 0 ohm for both temperature sensors. Please check on site these connections on green, pink and orange: You can start from the green measurement: if you don't see ~1kOhm Replace the cable. If you see ~1kOhm, then please continue measuring until the KF14 screws where the cables are attached. If you see 1kOhm on the KF14 Please try to replace the grey connector with a spare one from an adjacent EcoG component that is not being used. If it still persists, replace KF14 If...",,No,,additional_info[4].body; additional_info[4].subject,"CableTempSensor Dear SiD Team, As Francisco told, need to send CabletempSensor issue to L3 for better inspection. Can you please check the issue?",2,d325bdd4-6dec-f011-8544-7ced8d425d60.json
0470293_DC1,0470293,799d300d-f4c7-443a-b397-109b6cd2c930,o118jA,Y2 / S4 313633828004,DC1,DC1_CABLETEMPSENSOR_XD100,2026-01-05T08:29:25Z,ticket_created,2026-01-05T08:29:25Z,2026-01-05T08:29:25Z,,POSITIVE_HIGH,exact CableTempSensor fault code in title/description; sensor/troubleshooting evidence,,,,,,ID0470293-DC/Si-D/DK-[Y2 / S4 313633828004]DC1_CableTempSensor_XD100,Reported behavior/issue-  DC1_CableTempSensor_XD100,,,No,,,,No,,additional_info[3].body; additional_info[3].subject; additional_info[5].subject; additional_info[7].subject; additional_info[9].body; description; title,ID0470293-DC/Si-D/DK-[Y2 / S4 313633828004]DC1_CableTempSensor_XD100 Reported behavior/issue- DC1_CableTempSensor_XD100,7,799d300d-f4c7-443a-b397-109b6cd2c930.json
0469387_DC1,0469387,23814fa4-57f7-480b-b723-9f2c66bd904e,beCkhw,MP/S4 170003526,DC1,DC1_CABLETEMPSENSOR_XD100; DC1_CABLETEMPSENSOR_XD10,2025-12-24T05:28:00Z,ticket_created,2025-12-24T05:28:00Z,2025-12-24T05:28:00Z,,POSITIVE_HIGH,exact CableTempSensor fault code in title/description; diagnostic fault flags,,,,,,ID0469387-DC/Si-D/TR-[MP/S4 170003526] DC1_CableTempSensor_XD100,"Reported behaviour/issue:
DC1_CableTempSensor_XD100
VIV:0 RNE:1 KON:1",,,No,,,VIV:0; RNE:1; KON:1,No,,additional_info[2].body; additional_info[2].subject; additional_info[4].body; additional_info[6].subject; description; title,ID0469387-DC/Si-D/TR-[MP/S4 170003526] DC1_CableTempSensor_XD100 Reported behaviour/issue: DC1_CableTempSensor_XD100 VIV:0 RNE:1 KON:1,6,23814fa4-57f7-480b-b723-9f2c66bd904e.json
0469021_UNKNOWN,0469021,4ee2ece1-97ba-4282-8910-6648fe8325d1,m2npMU,MP / S3 170003441,,,2025-12-22T08:50:35Z,additional_info,2025-12-22T08:45:05Z,2025-12-22T08:50:35Z,,REVIEW,sensor/troubleshooting evidence,,,,,,ID0469021-DC/Si-D/DK-[MP / S3 170003441] Cable Temp Sensor_XD100,"Reported behavior/issue-
Cable Temp Sensor_XD100",,,No,,,,No,,additional_info[2].body,case notes Charger have error on DC1 with CableTempSensor error. Reboot have been attempted with no change We will go to site at measure PT1000 sensors.,1,4ee2ece1-97ba-4282-8910-6648fe8325d1.json
0465308_UNKNOWN,0465308,18d95247-7dcf-f011-bbd2-7ced8d425658,ki0tfz,MP / P1 170000220,,,2025-12-03T09:14:42Z,additional_info,2025-12-02T12:49:07Z,2025-12-03T09:14:42Z,,REVIEW,failure/error language; completed repair/resolution evidence,,,,,,ID0465308-DC/Si-D/PL-[MP / P1 170000220] bind socket failed Address already in use,"Reported behavior/issue-
bind socket failed Address already in use
Workaround: Restart EcoG and docker restart",,,Yes,2025-12-03T09:14:42Z,"ID0465308-DC/Si-D/PL-[MP / P1 170000220] DC2 point charging issue CRM:03056000667 Hi Szymon, good morning. Hope you are doing well. There was a bug on the EcoG and I fixed it remotely with a reboot on the EcoG. Since you don't have SSH access you cannot tell but this error is already addressed to R&D. If you see anytime this kind of error again where you just have the Outlet Error FLag and nothing else or even with the CableTempSensor error, please reach out to me via Teams directly because R&D wants to check the error live if they can do it. I will close the ticket since the problem has been solved. Thank you! Be",,No,,additional_info[5].body,"ID0465308-DC/Si-D/PL-[MP / P1 170000220] DC2 point charging issue CRM:03056000667 Hi Szymon, good morning. Hope you are doing well. There was a bug on the EcoG and I fixed it remotely with a reboot on the EcoG. Since you don't have SSH access you cannot tell but this error is already addressed to R&D. If you see anytime this kind of error again where you just have the Outlet Error FLag and nothing else or even with the CableTempSensor error, please reach out to me via Teams directly because R&D wants to check the error live if they can do it. I will close the ticket since the problem has been solved. Thank you! Best regards, Francisco",1,18d95247-7dcf-f011-bbd2-7ced8d425658.json
0464643_DC4,0464643,fa40ab93-b67f-43a6-8034-1a9f7b2a4019,28fLst,Y2 / R4 313059181006,DC4,DC4_CABLETEMPSENSOR_XD240,2025-11-28T08:23:37Z,additional_info,2025-11-28T08:14:22Z,2025-11-28T08:23:37Z,,REVIEW,failure/error language,,,,,,ID0464643-DC/Si-D/TR-[Y2 / R4 313059181006] Outlet-5 (DC-4) is out of service,Reported behavior/issue- Outlet-5 (DC-4) is out of service,,,No,,,,No,,additional_info[2].body,Case notes Outlet-5 (DC-4) is out of service There are these errors: DC4_CableTempSensor_XD240 d-plc: TransducerDC4_TF204,1,fa40ab93-b67f-43a6-8034-1a9f7b2a4019.json
0464646_DC2,0464646,fd6191d1-6c15-4a1c-b2ac-16e99e7496b2,FV4ELh,Y2/T4314241502027,DC2,DC2_CABLETEMPSENSOR_XD101,2025-11-28T08:18:28Z,ticket_created,2025-11-28T08:18:28Z,2025-11-28T08:18:28Z,,POSITIVE_HIGH,exact CableTempSensor fault code in title/description; failure/error language; diagnostic fault flags,,,,,,"ID0464646-DC/Si-D/TR-[Y2/T4 314241502027] DC2_CableTempSensor_XD101 (VIV:0 PLE:1, KON:1)","Reported behavior/issue-DC2_CableTempSensor_XD101 (VIV:0 PLE:1, KON:1)
Note: There was no active error found. From the backend status changed the ticket to `Repair done`. So, ticket has been closed.",,,No,,,VIV:0; PLE:1; KON:1,No,,additional_info[2].body; additional_info[3].body; additional_info[3].subject; additional_info[5].subject; additional_info[6].body; additional_info[7].body; description; title,"ID0464646-DC/Si-D/TR-[Y2/T4 314241502027] DC2_CableTempSensor_XD101 (VIV:0 PLE:1, KON:1) Reported behavior/issue-DC2_CableTempSensor_XD101 (VIV:0 PLE:1, KON:1) Note: There was no active error found. From the backend status changed the ticket to `Repair done`. So, ticket has been closed.",8,fd6191d1-6c15-4a1c-b2ac-16e99e7496b2.json
0464125_DC1,0464125,a7c68679-a076-42c1-8644-ce4e5cb56c29,F2bZLu,RVP/T2170004461,DC1,DC1_CABLETEMPSENSOR_XD101,2025-11-26T08:24:31Z,ticket_created,2025-11-26T08:24:31Z,2025-11-26T08:24:31Z,,POSITIVE_HIGH,exact CableTempSensor fault code in title/description; diagnostic fault flags,,,,,,ID0464125-DC/Si-D/SE-[RVP / T2 170004461]-DC1_CableTempSensor_XD101 VIV:0 RNE:1 KON:1,"Reported behavior/issue:
DC1_CableTempSensor_XD101 VIV:0 RNE:1 KON:1.
Solution:
N/A
yyyy-mm-dd:",,N/A,No,,,VIV:0; RNE:1; KON:1,No,,additional_info[2].body; additional_info[2].subject; additional_info[4].subject; description; title,ID0464125-DC/Si-D/SE-[RVP / T2 170004461]-DC1_CableTempSensor_XD101 VIV:0 RNE:1 KON:1 Reported behavior/issue: DC1_CableTempSensor_XD101 VIV:0 RNE:1 KON:1. Solution: N/A yyyy-mm-dd:,5,a7c68679-a076-42c1-8644-ce4e5cb56c29.json
0464018_DC2,0464018,b1983adf-0eca-f011-bbd3-7c1e523625c2,HJoZYw,MP / R6 170002262,DC2,DC2_CABLETEMPSENSOR_XD101,2025-11-25T14:56:09Z,ticket_created,2025-11-25T14:56:09Z,2025-11-25T14:56:09Z,,POSITIVE_HIGH,exact CableTempSensor fault code in title/description; failure/error language,,,,,Yes,ID0464018-DC/Si-D/PL-[MP / R6 170002262] Error : DC2_CableTempSensor_XD101,"Reported behavior/issue- session aborted due to communication error - error flag:
DC2_CableTempSensor_XD101
The error occurred for transactions: 963764744 and 1382903450
Solution:-
yyyy-mm-dd:-",,-,No,,,,No,,additional_info[2].body; additional_info[2].subject; additional_info[4].subject; description; title,ID0464018-DC/Si-D/PL-[MP / R6 170002262] Error : DC2_CableTempSensor_XD101 Reported behavior/issue- session aborted due to communication error - error flag: DC2_CableTempSensor_XD101 The error occurred for transactions: 963764744 and 1382903450 Solution:- yyyy-mm-dd:-,5,b1983adf-0eca-f011-bbd3-7c1e523625c2.json
0463842_DC1,0463842,ed59bfba-c6c9-f011-bbd3-7ced8d4251b1,Brb5yR,MP / R8 170002420,DC1,DC1_CABLETEMPSENSOR_XD100,2025-11-25T08:30:36Z,additional_info,2025-11-25T06:19:48Z,2025-11-25T08:30:36Z,,REVIEW,failure/error language,,,,,,ID0463842-DC/Si-D/AE- [MP / R8 170002420] OCPP offline,Reported behavior/issue:  One of the outlets out of order with OCPP offline,,,No,,,,No,,additional_info[5].body,"ID0463842-DC/Si-D/AE- [MP / R8 170002420] OCPP offline CRM:03042000226 Dear Service Coordinator / RC, I am writing to inform that we are moving the case 0463842 ﻿from the Technical Support to the eMobility RC-AE SI E Queue. We kindly ask you to take over the case and perform the necessary troubleshooting steps. Customer: Product: Sicharge D - Charging Center Main Asset: MP / R8 170002420 Charger ID / Serial No.: Charger address/functional location: Priority: Medium Handover reason: For the DC1_CableTempSensor_XD100 Please measure on-site and confirm the values by measuring directly on the cables coming from the CCS. If you see the same value, then the CCS is faulty and needs replacement. Otherwise, please measure the 1kOhm until you reach the KF212/214. P1 to P2 and N1 to N2 If you get 1kOhm until the StateMonitor, please try replacing the grey connector with a spare one (they have some connectors on the EcoGs that are not used at all) Or replace the StateMonitor I recommend you to take spare CCS an",1,ed59bfba-c6c9-f011-bbd3-7ced8d4251b1.json
0463711_DC1,0463711,204890ea-3ac9-f011-bbd2-7ced8d483642,n7S3MH,MP / R5 170001874,DC1,DC1_CABLETEMPSENSOR_XD100,2025-11-24T16:07:26Z,additional_info,2025-11-24T13:38:58Z,2025-11-24T16:07:26Z,,REVIEW,failure/error language,,,,,,ID0463711-DC/Si-D/DE-[MP / R5 170001874] bind socket failed Address already in use,"Reported behavior/issue: bind socket failed Address already in use
Solution: Restart EcoG and docker restart",,Restart EcoG and docker restart,No,,,,No,,additional_info[4].subject,"DC1_CableTempSensor_XD100 After consulting with Joao, he told me to handover to SID for further checking.",1,204890ea-3ac9-f011-bbd2-7ced8d483642.json
0463693_DC3,0463693,5cbff085-3d2e-4b9d-9244-73785628b302,agXkqT,RVP/T7170005069,DC3,DC3_CABLETEMPSENSOR_XD230,2025-11-24T12:55:23Z,additional_info,2025-11-24T12:52:14Z,2025-11-24T12:55:23Z,,REVIEW,failure/error language; diagnostic fault flags,,,,,,ID0463693-DC/Si-D/SE-[RVP / T7 170005069]-Both outlets on dispenser out of order,Reported behavior/issue- Both outlets on dispenser out of order,,,No,,,VIV:0; RNE:1; KON:1,No,,additional_info[2].body,Case notes Reported behavior/issue: Both outlets on dispenser out of order. Both show this. DC3_CableTempSensor_XD230 VIV:0 RNE:1 KON:1 DC4_CableTempSensor_XD240 VIV:0 RNE:1 KON:1 We have measured the values both on XD211/XD212 and on KF214 and the are correct but in Ecog portal the show wrong values. We have also checked for bad connections but can't find any. The KF211 is not showing any lights on the leds but we are able to connect to it. Solution: N/A yyyy-mm-dd:,1,5cbff085-3d2e-4b9d-9244-73785628b302.json
0463693_DC4,0463693,5cbff085-3d2e-4b9d-9244-73785628b302,agXkqT,RVP/T7170005069,DC4,DC4_CABLETEMPSENSOR_XD240,2025-11-24T12:55:23Z,additional_info,2025-11-24T12:52:14Z,2025-11-24T12:55:23Z,,REVIEW,failure/error language; diagnostic fault flags,,,,,,ID0463693-DC/Si-D/SE-[RVP / T7 170005069]-Both outlets on dispenser out of order,Reported behavior/issue- Both outlets on dispenser out of order,,,No,,,VIV:0; RNE:1; KON:1,No,,additional_info[2].body,Case notes Reported behavior/issue: Both outlets on dispenser out of order. Both show this. DC3_CableTempSensor_XD230 VIV:0 RNE:1 KON:1 DC4_CableTempSensor_XD240 VIV:0 RNE:1 KON:1 We have measured the values both on XD211/XD212 and on KF214 and the are correct but in Ecog portal the show wrong values. We have also checked for bad connections but can't find any. The KF211 is not showing any lights on the leds but we are able to connect to it. Solution: N/A yyyy-mm-dd:,1,5cbff085-3d2e-4b9d-9244-73785628b302.json
0463590_DC1,0463590,927ef04d-e48c-4a00-a828-46463430b9be,tujg9j,MP / S3 170003386,DC1,DC1_CABLETEMPSENSOR_XD100,2025-11-24T07:47:01Z,ticket_created,2025-11-24T07:47:01Z,2025-11-24T07:47:01Z,,POSITIVE_HIGH,exact CableTempSensor fault code in title/description; sensor/troubleshooting evidence; completed repair/resolution evidence,,,,,,ID0463590-DC/Si-D/DK-[MP / S3 170003386] DC1_CableTempSensor_XD100,Reported behavior/issue- DC1_CableTempSensor_XD100,,,Yes,2025-11-24T08:33:52Z,"Case notes Yet another DC1_CableTempSensor_XD100 error. I just want to say the even if Phoenix says that the issue is fixed, it is not. The cable on this charger have been replaced after the new correction from Phoenix should have been in place.",,No,,additional_info[1].body; additional_info[2].body; additional_info[2].subject; additional_info[7].subject; additional_info[9].body; description; title,ID0463590-DC/Si-D/DK-[MP / S3 170003386] DC1_CableTempSensor_XD100 Reported behavior/issue- DC1_CableTempSensor_XD100,7,927ef04d-e48c-4a00-a828-46463430b9be.json
0462801_DC2,0462801,c5d0d1ee-d7f4-48b0-802e-cfaaf4a5494d,zVi9UU,RVP/T2170004470,DC2,DC2_CABLETEMPSENSOR_XD101,2025-11-19T13:54:38Z,ticket_created,2025-11-19T13:54:38Z,2025-11-19T13:54:38Z,,POSITIVE_HIGH,exact CableTempSensor fault code in title/description; diagnostic fault flags,,,,,,ID0462801-DC/Si-D/SE-[RVP / T2 170004470]-DC2_CableTempSensor_XD101 VIV:0 RNE:1 KON:1,"Reported behavior/issue:
DC2_CableTempSensor_XD101 VIV:0 RNE:1 KON:1.
Solution:
N/A
yyyy-mm-dd:",,N/A,No,,,VIV:0; RNE:1; KON:1,No,,additional_info[2].body; additional_info[2].subject; additional_info[4].subject; description; title,ID0462801-DC/Si-D/SE-[RVP / T2 170004470]-DC2_CableTempSensor_XD101 VIV:0 RNE:1 KON:1 Reported behavior/issue: DC2_CableTempSensor_XD101 VIV:0 RNE:1 KON:1. Solution: N/A yyyy-mm-dd:,5,c5d0d1ee-d7f4-48b0-802e-cfaaf4a5494d.json
0462285_UNKNOWN,0462285,8de6db64-c9c3-f011-bbd3-7c1e523625c2,4gihUD,MP/T1170004362,,,2025-11-17T15:23:44Z,ticket_created,2025-11-17T15:23:44Z,2025-11-17T15:23:44Z,,POSITIVE_MEDIUM,sensor/troubleshooting evidence,,,,,,ID0462285-DC/Si-D/IT-[MP/T1 170004362] DC1 CableTempSensor XD100,"Reported behavior/issue-
DC1 CableTempSensor XD100",,,No,,,,No,,additional_info[2].body; additional_info[2].subject; additional_info[5].body; additional_info[5].subject; additional_info[6].body; description; title,ID0462285-DC/Si-D/IT-[MP/T1 170004362] DC1 CableTempSensor XD100 Reported behavior/issue- DC1 CableTempSensor XD100,7,8de6db64-c9c3-f011-bbd3-7c1e523625c2.json
0458793_DC1,0458793,7bf6d153-94b5-f011-bbd2-7ced8d4259cd,9JAhab,MP / R3 170001593,DC1,DC1_CABLETEMPSENSOR_XD100,2025-10-30T13:28:41Z,ticket_created,2025-10-30T13:28:41Z,2025-10-30T13:28:41Z,,POSITIVE_MEDIUM,exact CableTempSensor fault code in title/description,,,,,,ID0458793-DC/Si-D/HU-[MP / R3 170001593] DC1_CableTempSensor_XD100,"Reported behavior/issue-
DC1_CableTempSensor_XD100
Workaround: reboot EcoG and docker restart",,,No,,,,No,,additional_info[6].body; description; title,ID0458793-DC/Si-D/HU-[MP / R3 170001593] DC1_CableTempSensor_XD100 Reported behavior/issue- DC1_CableTempSensor_XD100 Workaround: reboot EcoG and docker restart,3,7bf6d153-94b5-f011-bbd2-7ced8d4259cd.json
0458509_DC1,0458509,8a3aab2d-c8b4-f011-bbd2-7c1e52880b1b,cNkABV,MP / NN 170000049,DC1,DC1_CABLETEMPSENSOR_XD100,2025-10-29T13:07:14Z,ticket_created,2025-10-29T13:07:14Z,2025-10-29T13:07:14Z,,POSITIVE_MEDIUM,diagnostic fault flags; sensor/troubleshooting evidence; completed repair/resolution evidence,,,,,,ID0458509-DC/Si-D/CZ-[MP / NN 170000049] CableTempSensor_XD100,"Reported behavior/issue-
CableTempSensor_XD100",,,Yes,2025-11-06T06:00:29Z,"RE: ID0458509-DC/Si-D/CZ-[MP / NN 170000049] CableTempSensor_XD100 CRM:03056000350 Hello Francisco, Thank you for the closer look. Today I found out that one PT1000 is most likely broken, showing resistance values in MOhms, whereas on all the other ones I measured 1007 Ohm. We will order a new cable and replace it. Once the cable is replaced, I will be back with the work report in ISP. Kind regards, Milan",VIV:0; RNE:1; KON:1,No,,additional_info[10].subject; additional_info[11].subject; additional_info[12].body; additional_info[2].body; additional_info[2].subject; additional_info[4].body; additional_info[4].subject; additional_info[5].body; additional_info[5].subject; additional_info[7].subject; additional_info[8].subject; additional_info[9].subject; description; title,ID0458509-DC/Si-D/CZ-[MP / NN 170000049] CableTempSensor_XD100 Reported behavior/issue- CableTempSensor_XD100,14,8a3aab2d-c8b4-f011-bbd2-7c1e52880b1b.json
0457906_DC1,0457906,d918d80e-6dc7-452c-a9b7-9ee9e93b452d,MCZnP3,MP / R3 170001644,DC1,DC1_CABLETEMPSENSOR_XD100,2025-10-27T08:33:51Z,ticket_created,2025-10-27T08:33:51Z,2025-10-27T08:33:51Z,,POSITIVE_HIGH,exact CableTempSensor fault code in title/description; failure/error language,,,,,,ID0457906-DC/Si-D/DK-[MP / R3 170001644] DC1_CableTempSensor_XD100,"Reported behavior/issue -
Charger have
DC1_CableTempSensor_XD100
error.
Reboot did not help",,,No,,,,No,,additional_info[2].body; additional_info[2].subject; additional_info[4].subject; additional_info[5].body; additional_info[5].subject; description; title,ID0457906-DC/Si-D/DK-[MP / R3 170001644] DC1_CableTempSensor_XD100 Reported behavior/issue - Charger have DC1_CableTempSensor_XD100 error. Reboot did not help,7,d918d80e-6dc7-452c-a9b7-9ee9e93b452d.json
0457904_DC1,0457904,8c28604d-9809-488d-afcd-f619153cc44b,JNjarC,Y2 / S3 300000007002,DC1,DC1_CABLETEMPSENSOR_XD100,2025-10-27T08:31:39Z,ticket_created,2025-10-27T08:31:39Z,2025-10-27T08:31:39Z,,POSITIVE_HIGH,exact CableTempSensor fault code in title/description; failure/error language,,,,,,ID0457904-DC/Si-D/DK-[Y2/S3 300000007002] DC1_CableTempSensor_XD100,"Reported behavior/issue -
Charger have
DC1_CableTempSensor_XD100
error.
Reboot did not help.",,,No,,,,No,,additional_info[2].body; additional_info[2].subject; additional_info[5].subject; additional_info[7].body; description; title,ID0457904-DC/Si-D/DK-[Y2/S3 300000007002] DC1_CableTempSensor_XD100 Reported behavior/issue - Charger have DC1_CableTempSensor_XD100 error. Reboot did not help.,6,8c28604d-9809-488d-afcd-f619153cc44b.json
0457903_DC1,0457903,9589e092-aa8a-4d6a-b938-dfffb94bb964,J5Le4t,MP / S2 170003251,DC1,DC1_CABLETEMPSENSOR_XD100,2025-10-27T08:29:40Z,ticket_created,2025-10-27T08:29:40Z,2025-10-27T08:29:40Z,,POSITIVE_HIGH,exact CableTempSensor fault code in title/description; failure/error language,,,,,,ID0457903-DC/Si-D/DK-[MP / S2 170003251] DC1_CableTempSensor_XD100,"Reported behavior/issue -
Charger have
DC1_CableTempSensor_XD100
error.
Reboot did not help.",,,No,,,,No,,additional_info[2].body; additional_info[2].subject; description; title,ID0457903-DC/Si-D/DK-[MP / S2 170003251] DC1_CableTempSensor_XD100 Reported behavior/issue - Charger have DC1_CableTempSensor_XD100 error. Reboot did not help.,4,9589e092-aa8a-4d6a-b938-dfffb94bb964.json
0457902_DC1,0457902,730ebcab-2ea1-456f-b01f-d505b3cd9578,CXYzbN,MP / S3 170003354,DC1,DC1_CABLETEMPSENSOR_XD100,2025-10-27T08:26:59Z,ticket_created,2025-10-27T08:26:59Z,2025-10-27T08:26:59Z,,POSITIVE_HIGH,exact CableTempSensor fault code in title/description; failure/error language,,,,,,ID0457902-DC/Si-D/DK-[MP / S3 170003354] DC1_CableTempSensor_XD100,"Reported behavior/issue -
Charger have
DC1_CableTempSensor_XD100
error.
Reboot did not clear the error.",,,No,,,,No,,additional_info[2].body; additional_info[2].subject; additional_info[4].subject; additional_info[6].body; description; title,ID0457902-DC/Si-D/DK-[MP / S3 170003354] DC1_CableTempSensor_XD100 Reported behavior/issue - Charger have DC1_CableTempSensor_XD100 error. Reboot did not clear the error.,6,730ebcab-2ea1-456f-b01f-d505b3cd9578.json
0456624_DC1,0456624,885b51de-c80e-4012-afb4-6565f6482b0a,8yL3vI,MP/S4170003523,DC1,DC1_CABLETEMPSENSOR_XD100,2025-10-20T10:14:05Z,ticket_created,2025-10-20T10:14:05Z,2025-10-20T10:14:05Z,,POSITIVE_HIGH,exact CableTempSensor fault code in title/description; diagnostic fault flags,,,,,,ID0456624-DC/Si-D/TR-[MP / S4 170003523]DC1_CableTempSensor_XD100' initial value true - (VIV:0 PLE:1 KON:1),Reported Behavior/Issue: DC1_CableTempSensor_XD100' initial value true - (VIV:0 PLE:1 KON:1),,,No,,,VIV:0; PLE:1; KON:1,No,,additional_info[2].body; additional_info[2].subject; additional_info[5].body; additional_info[6].body; description; title,ID0456624-DC/Si-D/TR-[MP / S4 170003523]DC1_CableTempSensor_XD100' initial value true - (VIV:0 PLE:1 KON:1) Reported Behavior/Issue: DC1_CableTempSensor_XD100' initial value true - (VIV:0 PLE:1 KON:1),6,885b51de-c80e-4012-afb4-6565f6482b0a.json
0455118_UNKNOWN,0455118,c8166422-1255-4274-9ac3-ed7026d8c92f,3vXyTq,MP / S6 170003726,,,2025-10-17T10:37:40Z,additional_info,2025-10-13T05:45:59Z,2025-10-17T10:37:40Z,,REVIEW,sensor/troubleshooting evidence,,,,,,ID0455118-DC/Si-D/DE- [MP / S6 170003726] Outlet 1 faulted,"Dear Support Team,
please take a look at the Charger.
Outlet 1 faulted OCPP Errorcode: ""evse not ready""
Thank you and best regards,
Felix",,,No,,,,No,,additional_info[4].body; additional_info[5].body,"Status update DC1 has permanent CableTempSensor error. DC1 is Phoenix Cable 375A 5m, possible detachment of PT1000 for quality issue. Onsite visit required for PT1000 measurements and cable replacement. Waiting on Prod Care to know which spare part needs to be ordered in replacement of Phoenix 375A 5m (Q-Feedback release blocked).",2,c8166422-1255-4274-9ac3-ed7026d8c92f.json
0454396_DC1,0454396,db0ab5de-8f77-4885-b27f-02d988fa2cab,DKLyuA,MP / R0 170002831,DC1,DC1_CABLETEMPSENSOR_XD100,2025-10-14T12:56:09Z,additional_info,2025-10-08T09:59:57Z,2025-10-14T12:56:09Z,,REVIEW,failure/error language; diagnostic fault flags,,,,,,ID0454396-DC/Si-D/DE-[MP / R0 170002831] Faulted Outlet,"Reported behavior/issue -
Faulted Outlet
Solution:
“One or more connected SMC to the converter group has ON or OFF feedback fault (this converter group is disabled and converter group at another end of faulty SMC is probably enabled)”
Please proceed with replacing both converters: +F04-QA09 and +F04-QA10.",,“One or more connected SMC to the converter group has ON or OFF feedback fault (this converter group is disabled and converter group at another end of faulty SMC is probably enabled)” Please proceed with replacing both converters: +F04-QA09 and +F04-QA10.,No,,,VIV:0; PLE:1; KON:1,No,,additional_info[13].body; additional_info[15].body; additional_info[16].body,Semih DKLyuA_170002831 Powersafe Mode nothing serious uoQAdw_170000422 PLC-Error-Flag 'DC1_CableTempSensor_XD100' initial value true - (VIV:0 PLE:1 KON:1) DC1_CableTempSensor_XD100 QA09 and QA10 aHNoZm_170000415 Charging / No_Error ???,3,db0ab5de-8f77-4885-b27f-02d988fa2cab.json
0453809_DC1,0453809,346ad67a-8fa2-f011-bbd3-6045bde0265d,b5Ry0v,MP / R4 170001711,DC1,DC1_CABLETEMPSENSOR_XD100,2025-10-06T08:36:06Z,ticket_created,2025-10-06T08:36:06Z,2025-10-06T08:36:06Z,,POSITIVE_HIGH,exact CableTempSensor fault code in title/description; failure/error language,,,,,,ID0453809-DC/Si-D/FR-[MP / R4170001711] DC1_CableTempSensor_XD100,"Reported behavior/issue -
Cable failure issue",,,No,,,,No,,additional_info[5].subject; additional_info[8].subject; title,ID0453809-DC/Si-D/FR-[MP / R4170001711] DC1_CableTempSensor_XD100 Reported behavior/issue - Cable failure issue,3,346ad67a-8fa2-f011-bbd3-6045bde0265d.json
0453772_DC1,0453772,240eb673-7fa2-f011-bbd3-000d3addf8ce,DAKQ2p,MP / NN 170000045,DC1,DC1_CABLETEMPSENSOR_XD100,2025-10-06T07:09:16Z,additional_info,2025-10-06T06:41:20Z,2025-10-06T07:09:16Z,,REVIEW,diagnostic fault flags,,,,,,ID0453772-DC/Si-D/CZ-[MP / NN 170000045] Plug errors,"Reported behaviour/issue: Voltage Temperature issue
Solution: NA
yyyy-mm-dd: NA",,NA,No,,,VIV:0; PLE:1; KON:1,No,,additional_info[3].body,"Issue description can you please check on charger MP / NN 170000045 where we face the following issue? 2025-10-06T05:18:07.642500+00:00 -> PLC-Error-Flag 'DC1_CableTempSensor_XD100' initial value true - (VIV:0 PLE:1 KON:1) Transaction started 2025-10-06T05:15:45.345229+00:00 -> DC1: PilotState ""B2"" --> ""C2"" Immediately before error we were delivering 142 kW to the EV. Note that the ambient temperature during that time could be around 10 °C maximum 2025-10-06T05:18:07.921311+00:00 -> |ID=137|DC1: |EVSE_MaxPwr[kW]=169|EVSE_MaxCur[A]=400|EVSE_NowPwr[kW]=142.4",1,240eb673-7fa2-f011-bbd3-000d3addf8ce.json
0453407_DC1,0453407,b916264f-8a9f-f011-b41c-6045bddf3f78,7UU7cO,MP / PD 170001321,DC1,DC1_CABLETEMPSENSOR_XD100,2025-10-02T12:21:26Z,ticket_created,2025-10-02T12:21:26Z,2025-10-02T12:21:26Z,,POSITIVE_MEDIUM,exact CableTempSensor fault code in title/description; other DC faults also present,,,,,,ID0453407-DC/Si-D/BE-[MP / PD 170001321] DC1_CableTempSensor_XD100,"Reported behavior/issue- Charging session issue due to DC1_CableTemp_SensorXD100
Solution: Replace CCS",,Replace CCS,No,,,,Yes,DC1_CABLETEMP_SENSORXD100,additional_info[11].subject; additional_info[12].body; additional_info[12].subject; additional_info[13].body; additional_info[13].subject; additional_info[14].body; additional_info[14].subject; additional_info[15].subject; additional_info[17].subject; additional_info[7].subject; title,ID0453407-DC/Si-D/BE-[MP / PD 170001321] DC1_CableTempSensor_XD100 Reported behavior/issue- Charging session issue due to DC1_CableTemp_SensorXD100 Solution: Replace CCS,11,b916264f-8a9f-f011-b41c-6045bddf3f78.json
0449730_DC1,0449730,4d846a85-7787-4784-8eb6-1fa73b485f8c,SrrbIK,RVP/T2 170004462,DC1,DC1_CABLETEMPSENSOR_XD100,2025-09-15T06:52:20Z,ticket_created,2025-09-15T06:52:20Z,2025-09-15T06:52:20Z,,POSITIVE_HIGH,exact CableTempSensor fault code in title/description; diagnostic fault flags,,,,,,ID0449730-DC/Si-D/SE-[RVP / T2 170004462]-DC1_CableTempSensor_XD100 VIV:0 RNE:1 KON:1,"Reported behavior/issue:
DC1_CableTempSensor_XD100
VIV:0 RNE:1 KON:1.
work: Reboot EcoG and docker restart
yyyy-mm-dd:",,,No,,,VIV:0; RNE:1; KON:1,No,,additional_info[2].body; additional_info[2].subject; additional_info[4].subject; additional_info[5].body; description; title,ID0449730-DC/Si-D/SE-[RVP / T2 170004462]-DC1_CableTempSensor_XD100 VIV:0 RNE:1 KON:1 Reported behavior/issue: DC1_CableTempSensor_XD100 VIV:0 RNE:1 KON:1. work: Reboot EcoG and docker restart yyyy-mm-dd:,6,4d846a85-7787-4784-8eb6-1fa73b485f8c.json
0449698_DC1,0449698,83763fa9-8231-4a86-93d3-df9e516b8cab,7BM2D4,MP/S4 170003555,DC1,DC1_CABLETEMPSENSOR_XD100,2025-09-15T06:12:11Z,ticket_created,2025-09-15T06:12:11Z,2025-09-15T06:12:11Z,,POSITIVE_HIGH,exact CableTempSensor fault code in title/description; diagnostic fault flags,,,,,,ID0449698-DC/Si-D/SE-[MP / S4 170003555]-DC1_CableTempSensor_XD100 VIV:0 RNE:1 KON:1,"Reported behavior/issue:
DC1_CableTempSensor_XD100
VIV:0 RNE:1 KON:1.
Solution: Reboot EcoG and restart docker
yyyy-mm-dd:",,Reboot EcoG and restart docker,No,,,VIV:0; RNE:1; KON:1,No,,additional_info[2].body; additional_info[2].subject; additional_info[4].subject; additional_info[5].body; description; title,ID0449698-DC/Si-D/SE-[MP / S4 170003555]-DC1_CableTempSensor_XD100 VIV:0 RNE:1 KON:1 Reported behavior/issue: DC1_CableTempSensor_XD100 VIV:0 RNE:1 KON:1. Solution: Reboot EcoG and restart docker yyyy-mm-dd:,6,83763fa9-8231-4a86-93d3-df9e516b8cab.json
0449415_DC2,0449415,669f5f67-dcd3-42d9-b387-76f5487cdca6,HTq143,RVP/T5 170004817,DC2,DC2_CABLETEMPSENSOR_XD100,2025-09-12T07:29:32Z,ticket_created,2025-09-12T07:29:32Z,2025-09-12T07:29:32Z,,POSITIVE_HIGH,exact CableTempSensor fault code in title/description; diagnostic fault flags,,,,,,ID0449415-DC/Si-D/SE-[RVP / T5 170004817]-DC2_CableTempSensor_XD100 VIV:0 RNE:1 KON:1,"Reported behavior/issue:
DC2_CableTempSensor_XD100 VIV:0 RNE:1 KON:1.
Solution:
N/A
yyyy-mm-dd:",,N/A,No,,,VIV:0; RNE:1; KON:1,No,,additional_info[10].subject; additional_info[11].body; additional_info[2].body; additional_info[2].subject; description; title,ID0449415-DC/Si-D/SE-[RVP / T5 170004817]-DC2_CableTempSensor_XD100 VIV:0 RNE:1 KON:1 Reported behavior/issue: DC2_CableTempSensor_XD100 VIV:0 RNE:1 KON:1. Solution: N/A yyyy-mm-dd:,6,669f5f67-dcd3-42d9-b387-76f5487cdca6.json
0447209_DC2,0447209,3bb8cca0-e1cd-4fe4-b5e7-c1a5eb83eb92,QQcmzb,Y2 / R7 313065117150,DC2,DC2_CABLETEMPSENSOR_XD101,2025-09-01T13:21:48Z,ticket_created,2025-09-01T13:21:48Z,2025-09-01T13:21:48Z,,POSITIVE_HIGH,exact CableTempSensor fault code in title/description; failure/error language; sensor/troubleshooting evidence,,,,,,ID0447209-DC/Si-D/TR-[Y2 / R7 313065117150] DC2_CableTempSensor_XD101,"Reported issue:
There is ""DC2_CableTempSensor_XD101"" error
Solution: Replace CCS, wiring issue or StateMonitor
yyyy-mm-dd: NA",,"Replace CCS, wiring issue or StateMonitor",No,,,,No,,additional_info[2].body; additional_info[2].subject; additional_info[3].subject; description; title,"ID0447209-DC/Si-D/TR-[Y2 / R7 313065117150] DC2_CableTempSensor_XD101 Reported issue: There is ""DC2_CableTempSensor_XD101"" error Solution: Replace CCS, wiring issue or StateMonitor yyyy-mm-dd: NA",5,3bb8cca0-e1cd-4fe4-b5e7-c1a5eb83eb92.json
0446315_DC1,0446315,2b7081eb-d7dc-44da-8bf1-27a4452893bc,hH78oT,MP / S6 170003727,DC1,DC1_CABLETEMPSENSOR_XD100,2025-08-27T12:19:39Z,additional_info,2025-08-27T12:08:22Z,2025-08-27T12:19:39Z,,REVIEW,failure/error language; diagnostic fault flags,,,,,,ID0446315/DC/Si-D/DE-[MP / S6 170003727] Cable Temp Issue,"Reported behaviour/issue:  Cable Temp error DC1
Solution:
yyyy-mm-dd:",,yyyy-mm-dd:,No,,,VIV:0; RNE:1; KON:1,No,,additional_info[3].body,Semih Onsite Visit on this Area we saw that dc1 of 2 chargers were not available. Checking the logs show Cabletemp error DC1 hH78oT DC1_CableTempSensor_XD100 PLC DEVICE true VIV:0 RNE:1 KON:1 Outlet_DC1_codes PLC INFO true DC1 Errorcode:4,1,2b7081eb-d7dc-44da-8bf1-27a4452893bc.json
0446300_DC1,0446300,4bb5a5e3-86f2-424c-a89d-adbbce5115f2,y6nex3,MP / S6 170003728,DC1,DC1_CABLETEMPSENSOR_XD100,2025-08-27T12:00:19Z,additional_info,2025-08-27T11:57:09Z,2025-08-27T12:00:19Z,,REVIEW,failure/error language; diagnostic fault flags,,,Yes,DUP_0008,Yes,ID0446300/DC/Si-D/DE-[MP / S6 170003728] Cable Temp Issue,"Reported behaviour/issue:  Cable Temp error DC1
Solution:
yyyy-mm-dd:",,yyyy-mm-dd:,No,,,VIV:0; RNE:1; KON:1,No,,additional_info[1].body,Semih Onsite Visit on this Area we saw that dc1 of 2 chargers were not available. Checking the logs show Cabletemp error y6nex3 DC1_CableTempSensor_XD100 PLC DEVICE true VIV:0 RNE:1 KON:1 Outlet_DC1_codes PLC INFO true DC1 Errorcode:4,1,4bb5a5e3-86f2-424c-a89d-adbbce5115f2.json
0443378_DC1,0443378,d019521b-b440-441e-a478-f297e9430c13,y6nex3,MP / S6 170003728,DC1,DC1_CABLETEMPSENSOR_XD100,2025-08-26T07:32:26Z,additional_info,2025-08-12T09:01:05Z,2025-08-26T07:32:26Z,2025-08-12,REVIEW,diagnostic fault flags,,,Yes,DUP_0008,Yes,"ID0443378/DC/Si-D/DE-[MP / S6 170003728]Chargepoint 1 - ""secc is initializing""","Reported behaviour/issue:  Chargepoint 1 - ""secc is initializing""
Solution: install EcoG 1.4.12
yyyy-mm-dd:  2025-08-12",,install EcoG 1.4.12,No,,,VIV:0; RNE:1; KON:1,No,,additional_info[12].body; additional_info[13].body,Semih y6nex3 DC1_CableTempSensor_XD100 PLC DEVICE true VIV:0 RNE:1 KON:1 Outlet_DC1_codes PLC INFO true DC1 Errorcode:4 DC1 hH78oT DC1_CableTempSensor_XD100 PLC DEVICE true VIV:0 RNE:1 KON:1 Outlet_DC1_codes PLC INFO true DC1 Errorcode:4,2,d019521b-b440-441e-a478-f297e9430c13.json
0443721_DC2,0443721,50b1d306-c01a-44e2-9049-e4829be3c774,9q9L7z,MP / R5 170001928,DC2,DC2_CABLETEMPSENSOR_XD101,2025-08-13T14:03:47Z,ticket_created,2025-08-13T14:03:47Z,2025-08-13T14:03:47Z,,POSITIVE_MEDIUM,exact CableTempSensor fault code in title/description; other DC faults also present,,,,,,ID0443721-DC/Si-D/TR-[MP / R5 170001928] DC2_CoolingUnit_EP1_Fan/Pump,"Reported behaviour/issue: There is ""DC2_CoolingUnit_EP1_Fan/Pump"" and ""DC2_CableTempSensor_XD101"" errors
Solution: N/A
yyyy-mm-dd: N/A",,N/A,No,,,,Yes,DC2_COOLINGUNIT_EP1_FAN/PUMP,description,"ID0443721-DC/Si-D/TR-[MP / R5 170001928] DC2_CoolingUnit_EP1_Fan/Pump Reported behaviour/issue: There is ""DC2_CoolingUnit_EP1_Fan/Pump"" and ""DC2_CableTempSensor_XD101"" errors Solution: N/A yyyy-mm-dd: N/A",1,50b1d306-c01a-44e2-9049-e4829be3c774.json
0443637_DC2,0443637,14650059-fef8-4d45-a92d-b1e5436485ac,SSYNon,MP / R6 170002146,DC2,DC2_CABLETEMPSENSOR_XD101,2025-08-13T08:56:23Z,ticket_created,2025-08-13T08:56:23Z,2025-08-13T08:56:23Z,,POSITIVE_HIGH,exact CableTempSensor fault code in title/description; failure/error language; diagnostic fault flags,,,,,,ID0443637-DC/Si-D/TR-[MP / R6 170002146] DC2_CableTempSensor_XD101,"Reported issue: There is ""DC2_CableTempSensor_XD101"" error.
Solution:
yyyy-mm-dd:",,yyyy-mm-dd:,No,,,VIV:0; RNE:1; KON:1,No,,additional_info[1].body; additional_info[2].body; additional_info[2].subject; additional_info[3].subject; additional_info[6].body; description; title,"ID0443637-DC/Si-D/TR-[MP / R6 170002146] DC2_CableTempSensor_XD101 Reported issue: There is ""DC2_CableTempSensor_XD101"" error. Solution: yyyy-mm-dd:",7,14650059-fef8-4d45-a92d-b1e5436485ac.json
0442409_DC1,0442409,dc0bac6b-4176-49f0-8fa3-722549314f3c,IaET66,MP/S4 170003481,DC1,DC1_CABLETEMPSENSOR_XD100,2025-08-07T06:46:33Z,ticket_created,2025-08-07T06:46:33Z,2025-08-07T06:46:33Z,,POSITIVE_HIGH,exact CableTempSensor fault code in title/description; sensor/troubleshooting evidence,,,,,,ID0442409-DC/Si-D/TR-[MP / S4 170003481] DC1_CableTempSensor_XD100,"Reported behavior/issue:
DC1_CableTempSensor_XD100
Solution:
yyyy-mm-dd:",,yyyy-mm-dd:,No,,,,No,,additional_info[2].body; additional_info[4].body; additional_info[4].subject; additional_info[6].subject; additional_info[8].body; description; title,ID0442409-DC/Si-D/TR-[MP / S4 170003481] DC1_CableTempSensor_XD100 Reported behavior/issue: DC1_CableTempSensor_XD100 Solution: yyyy-mm-dd:,7,dc0bac6b-4176-49f0-8fa3-722549314f3c.json
0441955_DC1,0441955,9bf85878-dc83-4e60-9c3e-7438efdeb856,DViUun,MP / S3 170003388,DC1,DC1_CABLETEMPSENSOR_XD100,2025-08-05T10:04:01Z,ticket_created,2025-08-05T10:04:01Z,2025-08-05T10:04:01Z,,POSITIVE_HIGH,exact CableTempSensor fault code in title/description; failure/error language; sensor/troubleshooting evidence,,,,,,ID0441955-DC/Si-D/DK-[MP/S3 170003388] DC1_CableTempSensor_XD100 error,"Reported behavior/issue: DC1_CableTempSensor_XD100 error
Solution:
yyyy-mm-dd:",,yyyy-mm-dd:,No,,,,No,,additional_info[3].body; additional_info[3].subject; additional_info[5].subject; additional_info[6].subject; description; title,ID0441955-DC/Si-D/DK-[MP/S3 170003388] DC1_CableTempSensor_XD100 error Reported behavior/issue: DC1_CableTempSensor_XD100 error Solution: yyyy-mm-dd:,6,9bf85878-dc83-4e60-9c3e-7438efdeb856.json
0440761_DC2,0440761,f10c1071-066d-f011-b4cb-7c1e52768c07,OOsTF9,MP / R7 170002205,DC2,DC2_CABLETEMPSENSOR_XD101,2025-07-30T05:31:30Z,ticket_created,2025-07-30T05:31:30Z,2025-07-30T05:31:30Z,,POSITIVE_HIGH,exact CableTempSensor fault code in title/description; failure/error language; diagnostic fault flags,,,,,Yes,ID0440761-DC/Si-D/CZ- [MP / R7 170002205] DC2_CableTempSensor_XD101 -VIV:0 RNE:1 CBL:1 KON:1 CBL:1 HOU:1 CRet:1,"Reported behavior/issue:  we are getting PLC error flags regarding the DC2 Cable.
We have 0V here XD16:15B.
At this charging station we have 5,82m liquid-cooled cable.
Please specify which MLFB to order.
I suppose is this one 1 x 8EM5903-0AA03-4AA3 with 1 x 8EM5905-
0AA01-1AA4.",,,No,,,VIV:0; RNE:1; KON:1,No,,additional_info[5].subject; additional_info[6].subject; title,"ID0440761-DC/Si-D/CZ- [MP / R7 170002205] DC2_CableTempSensor_XD101 -VIV:0 RNE:1 CBL:1 KON:1 CBL:1 HOU:1 CRet:1 Reported behavior/issue: we are getting PLC error flags regarding the DC2 Cable. We have 0V here XD16:15B. At this charging station we have 5,82m liquid-cooled cable. Please specify which MLFB to order. I suppose is this one 1 x 8EM5903-0AA03-4AA3 with 1 x 8EM5905- 0AA01-1AA4.",3,f10c1071-066d-f011-b4cb-7c1e52768c07.json
0440574_DC1,0440574,cfdae758-2e3f-4892-9a8a-e8f733a8158f,pTCY0P,MP / PN 170001131,DC1,DC1_CABLETEMPSENSOR_XD100,2025-07-29T10:31:12Z,ticket_created,2025-07-29T10:31:12Z,2025-07-29T10:31:12Z,,POSITIVE_HIGH,exact CableTempSensor fault code in title/description; failure/error language,,,,,,ID0440574-DC/Si-D/TR-[MP / PN 170001131] DC1_CableTempSensor_XD100,"There is ""DC1_CableTempSensor_XD100"" error",,,No,,,,No,,additional_info[2].body; additional_info[2].subject; description; title,"ID0440574-DC/Si-D/TR-[MP / PN 170001131] DC1_CableTempSensor_XD100 There is ""DC1_CableTempSensor_XD100"" error",4,cfdae758-2e3f-4892-9a8a-e8f733a8158f.json
0440227_DC1,0440227,12d18e31-d3ea-458b-98bb-da5644a102bb,mkl1TO,RVP/T2 170004469,DC1,DC1_CABLETEMPSENSOR_XD100,2025-07-28T07:40:30Z,ticket_created,2025-07-28T07:40:30Z,2025-07-28T07:40:30Z,,POSITIVE_HIGH,exact CableTempSensor fault code in title/description; diagnostic fault flags,,,,,,ID0440227-DC/Si-D/SE-[RVP/T2 170004469]-DC1_CableTempSensor_XD100 VIV:0 RNE:1 KON:1,"Reported behavior/issue:
DC1_CableTempSensor_XD100 VIV:0 RNE:1 KON:1
Solution:
N/A
yyyy-mm-dd:",,N/A,No,,,VIV:0; RNE:1; KON:1,No,,additional_info[2].body; additional_info[3].body; additional_info[3].subject; additional_info[6].subject; additional_info[9].body; description; title,ID0440227-DC/Si-D/SE-[RVP/T2 170004469]-DC1_CableTempSensor_XD100 VIV:0 RNE:1 KON:1 Reported behavior/issue: DC1_CableTempSensor_XD100 VIV:0 RNE:1 KON:1 Solution: N/A yyyy-mm-dd:,7,12d18e31-d3ea-458b-98bb-da5644a102bb.json
0438809_DC1,0438809,b500e1d1-0d66-f011-bec3-7c1e52768372,ABxBUJ,RVP/T3170004602,DC1,DC1_CABLETEMPSENSOR_XD100,2025-07-23T15:48:08Z,additional_info,2025-07-21T08:36:42Z,2025-07-23T15:48:08Z,2025-07-21,REVIEW,diagnostic fault flags; sensor/troubleshooting evidence,,,,,,"ID0438809-DC/Si-D/FR-[RVP/T3170004602]vendorErrorCode"":""evse is not ready""","Reported behavior/issue: vendorErrorCode"":""evse is not ready""
Solution:
yyyy-mm-dd: 2025-07-21",,yyyy-mm-dd: 2025-07-21,No,,,VIV:0; RNE:1; KON:1,No,,additional_info[8].body,"RE: ID0438809-DC/Si-D/FR-[RVP/T3170004602]vendorErrorCode"":""evse is not ready"" CRM:02889000236 Dear Colleagues, I am writing to formally inform that we are moving case 0438809 ﻿from the Technical Support to the eMobility RC- FR SI E Queue (Level 2) , due to one or more following reason (s): We have checked the charger error flag related to DC1_CableTempSensor_XD100 error on AWS which implies that charging cable temperature sensor error. Please do the troubleshooting of the resistance on the plug via the connectors to the StateMonitor, please provide us photos and videos of the troubleshooting. I recommend you carry a spare CCS cable in case it needs replacement. 1) Check CC2 Plug if there is any water Ingress or Moisture or any physical damage 2) Please check PT1000 resistance value for DC1 in State Monitor KF14 3) Check tightness of cable at F03-XD",1,b500e1d1-0d66-f011-bec3-7c1e52768372.json
0437397_DC1,0437397,1e337291-a060-f011-bec2-7c1e52368d4f,VkLemc,RVP/T5170004820,DC1,DC1_CABLETEMPSENSOR_XD100,2025-07-14T10:52:04Z,ticket_created,2025-07-14T10:52:04Z,2025-07-14T10:52:04Z,,POSITIVE_HIGH,exact CableTempSensor fault code in title/description; failure/error language; diagnostic fault flags; sensor/troubleshooting evidence,,,,,,ID0437397-DC/Si-D/AT-[RVP/T5170004820] DC1_CableTempSensor_XD100,"Reported behavior/issue: Newly commissioned charger showing error
Solution:
yyyy-mm-dd:",,yyyy-mm-dd:,No,,,VIV:0; RNE:1; KON:1,No,,additional_info[2].body; additional_info[3].body; additional_info[7].subject; title,ID0437397-DC/Si-D/AT-[RVP/T5170004820] DC1_CableTempSensor_XD100 Reported behavior/issue: Newly commissioned charger showing error Solution: yyyy-mm-dd:,4,1e337291-a060-f011-bec2-7c1e52368d4f.json
0435701_DC2,0435701,e49ae6f7-c059-f011-bec2-7c1e523508ba,57XFLG,MP / P4 170000467,DC2,DC2_CABLETEMPSENSOR_XD101,2025-07-12T19:39:54Z,additional_info,2025-07-05T16:56:20Z,2025-07-12T19:39:54Z,,REVIEW,failure/error language,,,,,,ID0435701-DC/Si-D/IL-[MP / P4 170000467] Station  out of service,"Reported behavior/issue: Station out of service
Solution:
yyyy-mm-dd:",,yyyy-mm-dd:,No,,,,No,,additional_info[15].body,"nt — Session 164027, Connector 3, Hyundai IONIQ 5 (DC2) 14:30:03 — Charging started (Transaction Id 164027). 14:52:28–14:52:34 — Vehicle sends a Pause command; charger switches to AVAILABLE → session ends. 📌 Note: Between the PAUSE state and the appearance of the faults, there are no logs indicating cable disconnection and reconnection. We therefore assume the vehicle remained physically connected to the charger until the moment of failure. From 14:52:39 onwards: Abnormal cable temperature (DC2_CableTempSensor_XD101). Insulation resistance dropped below threshold (IMD_BC2, 48kΩ). DC contactor faults. Error codes in DC2 module. 14:56:14–14:56:19: Emergency Stop button pressed by customer. Safety Relay (QA26) opened. All PowerConverters report as FAULTED. All connectors and outlets marked as out of order. PLC and tripline failures. Customer report from the field: Customer noticed a strong burnt smell and smoke near the cable-vehicle connection point, pressed the Emergency Stop button, and was then unab",1,e49ae6f7-c059-f011-bec2-7c1e523508ba.json
0436304_DC2,0436304,40dd8b60-115c-f011-bec2-6045bddf397a,yRk5yL,Y2 / R2 312555359/025,DC2,DC2_CABLETEMPSENSOR_XD101,2025-07-08T16:21:51Z,additional_info,2025-07-08T15:36:59Z,2025-07-08T16:21:51Z,2025-06-13,REVIEW,diagnostic fault flags,,,,,,ID0436304-DC/Si-D/FR-[Y2 / R2 312555359/025]Tesla got stuck on a CCS 250A PheonixContact cable.,"Reported behaviour/issue: A Tesla got stuck on a CCS 250A PheonixContact cable.
Issue occured at 3pm on the 13/06/25.
Solution: N/A
yyyy-mm-dd: 2025-06-13",,N/A,No,,,KON:1; VIV:0; PLE:1,No,,additional_info[7].body,": ""secc2300-06186"", ""outlet"": ""3"", ""outletType"": ""CCS"", ""payload"": { ""source"": ""EV"", ""user"": ""internal"" } } The session was terminated correctly. The shutdown was triggered due to a temperature difference of approximately 25°C between the negative and positive pins of the plug, with the positive pin reaching a maximum of 70°C. We did not detect an overall high temperature from the cable during this session. However, we also observed the following error at the same timestamp: PLC Error Flag 'DC2_CableTempSensor_XD101' changed from false (""temperature sensors okay KON:1"") to true (""VIV:0 PLE:1 KON:1""). The client attempted to restart the session twice, but the charger failed to switch to the B2 pilot state. From the pictures, it is clearly visible that the plug melted into the connector of the charger, despite no high cable temperature being detected.",1,40dd8b60-115c-f011-bec2-6045bddf397a.json
0434722_DC2,0434722,b4dcba20-c5a0-4a95-92c3-1073fd36edbe,zjZblo,,DC2,DC2_CABLETEMPSENSOR_XD101,2025-07-01T13:35:03Z,ticket_created,2025-07-01T13:35:03Z,2025-07-01T13:35:03Z,,POSITIVE_HIGH,exact CableTempSensor fault code in title/description; failure/error language,,,,,,ID0434722-DC/Si-D/TR-[Y2/T4 314241502041] DC2_CableTempSensor_XD101,"There are 3 error flags as below,
DC2_CableTempSensor_XD101
Outlet 2: outoforder, MeterState: Working
Outlet_DC2_codes: DC2 Errorcode:4",,,No,,,,No,,additional_info[2].body; additional_info[2].subject; additional_info[4].subject; additional_info[5].subject; additional_info[7].subject; description; title,"ID0434722-DC/Si-D/TR-[Y2/T4 314241502041] DC2_CableTempSensor_XD101 There are 3 error flags as below, DC2_CableTempSensor_XD101 Outlet 2: outoforder, MeterState: Working Outlet_DC2_codes: DC2 Errorcode:4",7,b4dcba20-c5a0-4a95-92c3-1073fd36edbe.json
0434640_DC1,0434640,d270604a-27da-4c90-bab8-80967c8906a2,1h4b1k,Y2 / R4 313059181003,DC1,DC1_CABLETEMPSENSOR_XD100,2025-07-01T10:27:36Z,ticket_created,2025-07-01T10:27:36Z,2025-07-01T10:27:36Z,,POSITIVE_HIGH,exact CableTempSensor fault code in title/description; diagnostic fault flags,,,,,,ID0434640-DC/Si-D/TR-[Y2 / R4 313059181003] DC1_CableTempSensor_XD100,"Reported behaviour/issue:
DC1_CableTempSensor_XD100
VIV:0 RNE:1 KON:1
Solution:
N/A
yyyy-mm-dd:
N/A",,N/A,No,,,VIV:0; RNE:1; KON:1,No,,additional_info[2].body; additional_info[2].subject; additional_info[6].subject; description; title,ID0434640-DC/Si-D/TR-[Y2 / R4 313059181003] DC1_CableTempSensor_XD100 Reported behaviour/issue: DC1_CableTempSensor_XD100 VIV:0 RNE:1 KON:1 Solution: N/A yyyy-mm-dd: N/A,5,d270604a-27da-4c90-bab8-80967c8906a2.json
0433209_DC2,0433209,f13c9dbd-0551-f011-877b-7c1e52faf3c6,9NAmV1,MP / SD 170004222,DC2,DC2_CABLETEMPSENSOR_XD101,2025-06-24T14:16:00Z,ticket_created,2025-06-24T14:16:00Z,2025-06-24T14:16:00Z,2025-06-24,POSITIVE_HIGH,exact CableTempSensor fault code in title/description; failure/error language,,,,,,ID0433209-DC/Si-D/FR-{ MP / SD 170004222] DC2_CableTempSensor_XD101,"Reported behavior/issue: Charging point out of service
Solution: NA
yyyy-mm-dd: 2025-06-24",,NA,No,,,,No,,additional_info[10].subject; additional_info[6].subject; additional_info[7].subject; additional_info[8].subject; title,ID0433209-DC/Si-D/FR-{ MP / SD 170004222] DC2_CableTempSensor_XD101 Reported behavior/issue: Charging point out of service Solution: NA yyyy-mm-dd: 2025-06-24,5,f13c9dbd-0551-f011-877b-7c1e52faf3c6.json
0432794_DC1,0432794,5cade9ce-1850-f011-877b-000d3adc93d1,zECDSL,MP / S0 170004100,DC1,DC1_CABLETEMPSENSOR_XD100,2025-06-23T10:07:57Z,additional_info,2025-06-23T09:59:59Z,2025-06-23T10:07:57Z,,REVIEW,failure/error language; diagnostic fault flags; sensor/troubleshooting evidence,,,,,,ID0432794-DC/Si-D/AT-[MP / S0 170004100] CableTemp sensor error on both outlets,"Reported behavior/issue: CableTemp sensor error on both outlets
Solution:
yyyy-mm-dd:",,yyyy-mm-dd:,No,,,VIV:0; SOV:1,No,,additional_info[2].body,Issue Description No 1. The cahrger has CableTemp sensor error on both outlets. When you restart the station it seems to disappear but the same error comes back after some time. Please also send the key of various error flags so that we can decode them ourselves. 'DC1_CableTempSensor_XD100' changed to true - (VIV:0 SOV:1 CFeed:1) No 2. The charger cannot be updated ‘Rollout already initiated’ error,1,5cade9ce-1850-f011-877b-000d3adc93d1.json
0431822_DC2,0431822,d42af646-7b4b-f011-8779-7c1e5236e32d,hXcXbF,MP / R3 170001596,DC2,DC2_CABLETEMPSENSOR_XD101,2025-06-17T13:02:17Z,ticket_created,2025-06-17T13:02:17Z,2025-06-17T13:02:17Z,,POSITIVE_MEDIUM,failure/error language; diagnostic fault flags,,,,,,ID0431822-DC/Si-D/CZ- [MP / R3 170001596] Unexpected interruptions,"Reported behaviour/issue:
reporting unexpected interruptions of charging
sessions without authorization. In the logs, I found only one error
entry:
2025-06-15 23:05:05 | PLC-Error-Flag | DC2 |
CableTempSensor_XD101",,,No,,,VIV:0; PLE:1; KON:1,No,,additional_info[10].body; additional_info[7].body; description,"ID0431822-DC/Si-D/CZ- [MP / R3 170001596] Unexpected interruptions Reported behaviour/issue: reporting unexpected interruptions of charging sessions without authorization. In the logs, I found only one error entry: 2025-06-15 23:05:05 | PLC-Error-Flag | DC2 | CableTempSensor_XD101",3,d42af646-7b4b-f011-8779-7c1e5236e32d.json
0430967_DC2,0430967,91914e4a-1848-f011-877a-6045bdde4786,OOsTF9,MP / R7 170002205,DC2,DC2_CABLETEMPSENSOR_XD101,2025-06-16T13:49:34Z,additional_info,2025-06-13T05:36:03Z,2025-06-16T13:49:34Z,,REVIEW,failure/error language; other DC faults also present,,,,,Yes,ID0430967-DC/Si-D/CZ-[MP / R7 170002205]  Outlet DC2,"Reported behaviour/issue:  We are having multiple errror flags on charger MP / R7 170002205All of them are on Outlet DC2 and we see this problem is reocurring from time to time? Do you have any ideas on how to prevent this problem from happening in the future? Backend is receiving message ""secc is initializing"".
Solution:
Charger
is healthy on SCB without any active error flag.",,Charger is healthy on SCB without any active error flag.,No,,,,Yes,DC2_COOLINGUNIT_EP1_FAN/PUMP,additional_info[10].body; additional_info[8].body,"RE: ID0430967-DC/Si-D/CZ-[MP / R7 170002205] Outlet DC2 CRM:02682000138 Dear support, Ticket ID0428881 is regarding the cable management. This one ID0430967 is related to the error flags: Outlet2 Outlet_DC2_codes DC2_CableTempSensor_XD101 DC2_coolingUnit_EP1_Fan/Pump Is there a way to locate by serial number of the converter 2102312VGQKXNB000025SA002200000205 it´s tag number TBxx ? Which module group is this convertor coming from? Kind regards, Milan",2,91914e4a-1848-f011-877a-6045bdde4786.json
0427386_DC2,0427386,de677203-512d-45e9-bea1-156128dd9e92,Y2 / R7 313065117113,Y2 / R7 313065117113,DC2,DC2_CABLETEMPSENSOR_XD101,2025-05-28T04:34:43Z,additional_info,2025-05-27T15:31:38Z,2025-05-28T04:34:43Z,,REVIEW,failure/error language; diagnostic fault flags,,,,,,ID0427386-DC/Si-D/TR-[Y2 / R7 313065117113] Charging sessions are aborted due to cable sensor fault error,"Reported behavior/issue:  These two charging sessions are aborted. I observed  the ""XD101 error flag > true"" on these sessions but can you check it as well? They claim that they are having this issue too often. I added the history of XD101 fault logs from last month, aborted session in question csv files from SCB.",,,No,,,VIV:0; PLE:1; KON:1; RNE:1,No,,additional_info[2].body,NOte DC2_CableTempSensor_XD101' initial value true - (VIV:0 PLE:1 KON:1) DC1_CableTempSensor_XD100' initial value true - (VIV:0 RNE:1 KON:1 VIV:0 → in case of an invalid sensor reading KON:1: → in case the contact temperature sensors are not okay PLE:1→ in case of an plausibility error (temperature difference between +/- 25 deg C too high) RNE:1 → in case of an sensor reading outside the defined operation range,1,de677203-512d-45e9-bea1-156128dd9e92.json
0427386_DC1,0427386,de677203-512d-45e9-bea1-156128dd9e92,Y2 / R7 313065117113,Y2 / R7 313065117113,DC1,DC1_CABLETEMPSENSOR_XD100,2025-05-28T04:34:43Z,additional_info,2025-05-27T15:31:38Z,2025-05-28T04:34:43Z,,REVIEW,failure/error language; diagnostic fault flags,,,,,,ID0427386-DC/Si-D/TR-[Y2 / R7 313065117113] Charging sessions are aborted due to cable sensor fault error,"Reported behavior/issue:  These two charging sessions are aborted. I observed  the ""XD101 error flag > true"" on these sessions but can you check it as well? They claim that they are having this issue too often. I added the history of XD101 fault logs from last month, aborted session in question csv files from SCB.",,,No,,,VIV:0; PLE:1; KON:1; RNE:1,No,,additional_info[2].body,NOte DC2_CableTempSensor_XD101' initial value true - (VIV:0 PLE:1 KON:1) DC1_CableTempSensor_XD100' initial value true - (VIV:0 RNE:1 KON:1 VIV:0 → in case of an invalid sensor reading KON:1: → in case the contact temperature sensors are not okay PLE:1→ in case of an plausibility error (temperature difference between +/- 25 deg C too high) RNE:1 → in case of an sensor reading outside the defined operation range,1,de677203-512d-45e9-bea1-156128dd9e92.json
0426917_DC1,0426917,46342ac6-eeff-47cd-9856-ad3aa424fd43,CXYzbN,MP / S3 170003354,DC1,DC1_CABLETEMPSENSOR_XD100,2025-05-26T11:28:50Z,ticket_created,2025-05-26T11:28:50Z,2025-05-26T11:28:50Z,,POSITIVE_MEDIUM,exact CableTempSensor fault code in title/description,,,,,,ID0426917-DC/Si-D/DK-[MP/S3 170003354] DC1_CableTempSensor_XD100,"Reported behavior/issue: Wrong temperature on PT1
Solution: na
yyyy-mm-dd:",,na,No,,,,No,,additional_info[2].body; additional_info[6].subject; additional_info[8].body; title,ID0426917-DC/Si-D/DK-[MP/S3 170003354] DC1_CableTempSensor_XD100 Reported behavior/issue: Wrong temperature on PT1 Solution: na yyyy-mm-dd:,4,46342ac6-eeff-47cd-9856-ad3aa424fd43.json
0426883_DC1,0426883,aa806d2a-26f7-45ac-af47-9a43f1547b65,F4JCS1,"MP / R3 170001651,MP / R3 170001651",DC1,DC1_CABLETEMPSENSOR_XD100,2025-05-26T10:33:29Z,ticket_created,2025-05-26T10:33:29Z,2025-05-26T10:33:29Z,,POSITIVE_MEDIUM,exact CableTempSensor fault code in title/description; sensor/troubleshooting evidence; other DC faults also present,,,,,,ID0426883-DC/Si-D/DK-[MP / R3 170001651] DC1_CableTempSensor_XD100,"Reported behavior/issue:
DC1_CableTemp_Sensor:
Solution: Replace CCS",,Replace CCS,No,,,,Yes,DC1_CABLETEMP_SENSOR,additional_info[3].body; additional_info[3].subject; additional_info[4].body; title,ID0426883-DC/Si-D/DK-[MP / R3 170001651] DC1_CableTempSensor_XD100 Reported behavior/issue: DC1_CableTemp_Sensor: Solution: Replace CCS,4,aa806d2a-26f7-45ac-af47-9a43f1547b65.json
0426448_DC1,0426448,8401b117-1d64-4270-9867-94bae29fa9be,Multiple MP / R6 170002092,"MP / R6 170002092,MP / R6 170002093,MP / R6 170002091,MP / R6 170002092,MP / R6 170002093,MP / R6 170002091",DC1,DC1_CABLETEMPSENSOR_XD100,2025-05-26T05:35:30Z,additional_info,2025-05-23T07:15:07Z,2025-05-26T05:35:30Z,,REVIEW,failure/error language; diagnostic fault flags,,,,,,ID0426448-DC/Si-D/DE-[MP / R6 170002092] IMD Failure,"Reported issue: All three chargers on site are unavailable and one is offline. Please check all three chargers.
Solution:
yyyy-mm-dd:
Charger Serial no:
MP / R6 170002091
MP / R6 170002092
MP / R6 170002093",,yyyy-mm-dd: Charger Serial no: MP / R6 170002091 MP / R6 170002092 MP / R6 170002093,No,,,VIV:0; RNE:1; KON:1,No,,additional_info[3].body,Semih No IMD failure on the charger but now the cable contact sensor send invalid values +F08-XD100 8EM5903-0AA02-6AA2 1 DC CHARGING CABLE Outlet_DC1_codes PLC INFO true DC1 Errorcode:4 DC1_CableTempSensor_XD100 PLC DEVICE true VIV:0 RNE:1 KON:1,1,8401b117-1d64-4270-9867-94bae29fa9be.json
0424936_DC1,0424936,12a879d3-3832-f011-8c4d-7c1e5220fd7f,"Multiple, MP / R6 170002091","MP / R6 170002092,MP / R6 170002093,MP / R6 170002091",DC1,DC1_CABLETEMPSENSOR_XD100,2025-05-23T10:28:59Z,additional_info,2025-05-16T09:33:39Z,2025-05-23T10:28:59Z,,REVIEW,failure/error language; diagnostic fault flags,,,,,,ID0424936-DC/Si-D/DE-[MP / R6 170002091] SECC communication failure,"Reported issue: All three chargers on site are unavailable and one is offline. Please check all three chargers.
Solution:
yyyy-mm-dd:
Charger Serial no:
MP / R6 170002091
MP / R6 170002092
MP / R6 170002093",,yyyy-mm-dd: Charger Serial no: MP / R6 170002091 MP / R6 170002092 MP / R6 170002093,No,,,VIV:0; RNE:1; KON:1,No,,additional_info[7].body,Semih needed Parts: 1x F03-KF11 8EM5903-0AA00-6AA3 CARGE CONTROLLER 1x +F11-XF3 8EM5903-0AA01-3AA8 1 4G LTE & WiFi CELLULAR ROUTER 2x +F08-XD100 8EM5903-0AA02-6AA2 1 DC CHARGING CABLE and then check on site the communication faults DC1_CableTempSensor_XD100 PLC DEVICE true VIV:0 RNE:1 KON:1 DC2_CableTempSensor_XD101 PLC DEVICE true VIV:0 RNE:1 KON:1,1,12a879d3-3832-f011-8c4d-7c1e5220fd7f.json
0424936_DC2,0424936,12a879d3-3832-f011-8c4d-7c1e5220fd7f,"Multiple, MP / R6 170002091","MP / R6 170002092,MP / R6 170002093,MP / R6 170002091",DC2,DC2_CABLETEMPSENSOR_XD101,2025-05-23T10:28:59Z,additional_info,2025-05-16T09:33:39Z,2025-05-23T10:28:59Z,,REVIEW,failure/error language; diagnostic fault flags,,,,,,ID0424936-DC/Si-D/DE-[MP / R6 170002091] SECC communication failure,"Reported issue: All three chargers on site are unavailable and one is offline. Please check all three chargers.
Solution:
yyyy-mm-dd:
Charger Serial no:
MP / R6 170002091
MP / R6 170002092
MP / R6 170002093",,yyyy-mm-dd: Charger Serial no: MP / R6 170002091 MP / R6 170002092 MP / R6 170002093,No,,,VIV:0; RNE:1; KON:1,No,,additional_info[7].body,Semih needed Parts: 1x F03-KF11 8EM5903-0AA00-6AA3 CARGE CONTROLLER 1x +F11-XF3 8EM5903-0AA01-3AA8 1 4G LTE & WiFi CELLULAR ROUTER 2x +F08-XD100 8EM5903-0AA02-6AA2 1 DC CHARGING CABLE and then check on site the communication faults DC1_CableTempSensor_XD100 PLC DEVICE true VIV:0 RNE:1 KON:1 DC2_CableTempSensor_XD101 PLC DEVICE true VIV:0 RNE:1 KON:1,1,12a879d3-3832-f011-8c4d-7c1e5220fd7f.json
0425845_UNKNOWN,0425845,07cc454e-edf7-48ae-9c3e-7dbfe9f0edd9,T23aFI,MP / S9 170004040,,,2025-05-21T12:50:31Z,additional_info,2025-05-21T09:02:56Z,2025-05-21T12:50:31Z,,MENTION_ONLY,CableTempSensor appears only in generic/Knowledge Article context,,,,,,ID0425845-DC/Si-D/DE-[MP / S9 170004040] Plug 1 not charging,"Reported behavior/issue:
plug1 is not charging (we see a blue light)",,,No,,,,No,,additional_info[4].body,"your reference. Step 3: Check the ambient temperature and note it. Then, using a multimeter, measure the resistance of P1, P2, N1, and N2. Step 4: Click on the following link to see the resistance table of Pt 1000 pertaining to the temperature and its corresponding resistance: Pt1000 Resistance Table https://www.sterlingsensors.co.uk/pt1000-resistance-table Kindly refer to the below knowledge article to check the cable sensor: Knowledge Article: Knowledge Article for ISP: Emobility_SICD_HW_DC2_CableTempSensor_XD101 and EVSE_TempLowerLimit_ low temperature - Dynamics 365 I am writing to formally inform that we are moving case 0425606 ﻿from the Technical Support to the eMobility RC- DE SI E Queue (Level 2) , due to one or more following reason (s): Reason Applicable Onsite Repair (Component Exchange) Yes Onsite Troubleshooting Yes End Customer Communication Spare Part Ordering Performance monitoring by RC Kindly pick up the case using "" Pick "" option in the queue or manually using the "" Assign "" funct",1,07cc454e-edf7-48ae-9c3e-7dbfe9f0edd9.json
0425606_UNKNOWN,0425606,bb15829c-6c35-f011-8c4d-7c1e5287c7df,T23aFI,MP / S9 170004040,,,2025-05-20T13:33:45Z,additional_info,2025-05-20T11:21:55Z,2025-05-20T13:33:45Z,2025-05-06,MENTION_ONLY,CableTempSensor appears only in generic/Knowledge Article context,,,,,,ID0425606-DC/Si-D/DE-[ MP / S9 170004040] Outlet 1 deactivated / defect,"Reported behavior/issue:  Outlet 1 deactivated /defect
Solution:
yyyy-mm-dd: 2025-05-06",,yyyy-mm-dd: 2025-05-06,No,,,,No,,additional_info[4].body,"your reference. Step 3: Check the ambient temperature and note it. Then, using a multimeter, measure the resistance of P1, P2, N1, and N2. Step 4: Click on the following link to see the resistance table of Pt 1000 pertaining to the temperature and its corresponding resistance: Pt1000 Resistance Table https://www.sterlingsensors.co.uk/pt1000-resistance-table Kindly refer to the below knowledge article to check the cable sensor: Knowledge Article: Knowledge Article for ISP: Emobility_SICD_HW_DC2_CableTempSensor_XD101 and EVSE_TempLowerLimit_ low temperature - Dynamics 365 I am writing to formally inform that we are moving case 0425606 ﻿from the Technical Support to the eMobility RC- DE SI E Queue (Level 2) , due to one or more following reason (s): Reason Applicable Onsite Repair (Component Exchange) Yes Onsite Troubleshooting Yes End Customer Communication Spare Part Ordering Performance monitoring by RC Kindly pick up the case using "" Pick "" option in the queue or manually using the "" Assign "" funct",1,bb15829c-6c35-f011-8c4d-7c1e5287c7df.json
0423455_DC2,0423455,f9bcda91-bd2c-f011-8c4d-7c1e523508ba,x8nsaL,Y2 / S7 313808292008,DC2,DC2_CABLETEMPSENSOR_XD101,2025-05-19T17:18:29Z,additional_info,2025-05-09T10:08:39Z,2025-05-19T17:18:29Z,,REVIEW,failure/error language,,,,,,ID0423455-DC/Si-D/DE-[ Y2 / S7 313808292008] Internal Error issue,"Reported behaviour/issue: Internal Error issue
Solution:",,,No,,,,No,,additional_info[8].body,"RE: AW: AW: ID0423455-DC/Si-D/DE-[ Y2 / S7 313808292008] Date and time issue CRM:02698000115 Hi Eduard, We have analyzed the logs and found that the internal error, which occurs frequently during charging sessions, is due to an issue with the DC2_CableTempSensor_XD101 . To address this, we strongly recommend updating the charger to the latest firmware version. After the firmware update, please monitor the charger during a charging session. If the issue continues to occur frequently, we would then recommend replacing the DC2 cable, as the problem is only happening on the DC2 connector. Kindly let us know a specific date and time when we can perform the firmware update. Alternatively, if we observe that the charger is idle, we can proceed with the update",1,f9bcda91-bd2c-f011-8c4d-7c1e523508ba.json
0420344_DC2,0420344,516ee099-1320-f011-9989-7c1e5236eee4,EAhiE1,MP / N8 160373321,DC2,DC2_CABLETEMPSENSOR_XD101,2025-05-13T13:00:06Z,additional_info,2025-04-23T07:21:41Z,2025-05-13T13:00:06Z,,REVIEW,failure/error language; diagnostic fault flags,,,,,,ID0420344-DC/Si-D/DE-[ MP / N8 160373321 ]  Charging point 1 (left) out of service,"Reported issue:
Charging point 1 (left) out of service
Solution:
16.06.2025: Handover from ES to NOC",,16.06.2025: Handover from ES to NOC,No,,,VIV:0; PLE:1; KON:1,No,,additional_info[12].body,"RE: AW: AW: AW: AW: ID0420344-DC/Si-D/DE-[ MP / N8 160373321 ] Charging point 1 (left) out of service CRM:02684000143 Good evening Frau Menne, I had the time to deeply analyze both the unavailability of outlet DC1 and the failed sessions on outlet DC2. Here is for you a detailed overview: Outlet DC2: Yesterday morning (12.05.2025) happened #2 events of charging session interrupted on DC2, both with the same EV (EVMAC: 00.18.23.bd.c4.17) Both charging sessions stopped due to DC2_CableTempSensor_XD101 ('VIV:0 PLE:1 KON:1'), where: VIV:0 → in case of an invalid sensor reading PLE:1→ in case of an plausibility error (temperature difference between +/- 15 deg C too high) KON:1: → in case the contact temperature sensors are not okay I had a screening of this error over the past month, and it happened only #1 other time on 30.04.2025, also with the same EV as before. I would suggest, as first steps: to remove the “Boost mode” setting from SCB and check if this issue will happen again in the",1,516ee099-1320-f011-9989-7c1e5236eee4.json
0424045_DC1,0424045,08c03926-3939-4af2-a88d-fb8df2320773,qntu3k,MP / SN 170004220,DC1,DC1_CABLETEMPSENSOR_XD100,2025-05-13T07:24:35Z,ticket_created,2025-05-13T07:24:35Z,2025-05-13T07:24:35Z,,POSITIVE_HIGH,exact CableTempSensor fault code in title/description; failure/error language; sensor/troubleshooting evidence; completed repair/resolution evidence,,,,,Yes,ID0424045-DC/Si-D/DK[qntu3k] - DC1_CableTempSensor_XD100,"March 24 we noticed that the charger was in error with the error:
DC1_CableTempSensor_XD100
This is an error that have occurred on two times earlier on the same charger and 8 times on other D400 chargers, we went to the site March 25. With measurements of the PT1000 sensors in the cable we found that the sensors in DC+ was broken.
The cable was replaced and the charger is working again.
No further actions needs to be done.",,,Yes,2025-05-13T10:30:15Z,"RE: ID0424045-DC/Si-D/DK[DC1_CableTempSensor_XD100 CRM:00315002632 Yes. As mentioned in case cable was replaced March 25.. 😉 Just need the case for the warranty case. With best regards, Rasmus Eksten Siemens A/S Denmark Smart Infrastructure eMobility - Denmark RC-DK SI E Borupvang 9 2750 Ballerup, Denmark mailto:rasmus.eksten@siemens.com www.linkedin.com/company/siemens www.siemens.com Siemens A/S. Headquarters: Borupvang 9, 2750 Ballerup, Denmark. Tel: +45 4477 4477 CVR-no. 16 99 30 85 Important notice: This e-mail and any attachment thereof contain corp",,No,,additional_info[0].body; additional_info[0].subject; additional_info[1].subject; additional_info[2].body; description; title,"ID0424045-DC/Si-D/DK[qntu3k] - DC1_CableTempSensor_XD100 March 24 we noticed that the charger was in error with the error: DC1_CableTempSensor_XD100 This is an error that have occurred on two times earlier on the same charger and 8 times on other D400 chargers, we went to the site March 25. With measurements of the PT1000 sensors in the cable we found that the sensors in DC+ was broken. The cable was replaced and the charger is working again. No further actions needs to be done.",6,08c03926-3939-4af2-a88d-fb8df2320773.json
0420951_DC1,0420951,59e030fd-c721-f011-9d47-7c1e52fce21e,MP / P2 170000123 ERK,MP / P2 170000123,DC1,DC1_CABLETEMPSENSOR_XD100,2025-05-05T07:41:59Z,additional_info,2025-04-25T11:25:28Z,2025-05-05T07:41:59Z,,REVIEW,failure/error language; diagnostic fault flags,,,,,,ID0420951-DC/Si-D/DE-[MP / P2 170000123 ERK] Error Message,"Reported behavior/issue:
Charging point 1 is unavailable and cannot be resolved even by rebooting (remotely).
The error history frequently displays the status ""unavailable"" and ""faulty.""
The error code ""InternalError"" - ""Error in the internal hardware and software component"" - is regularly displayed.",,,No,,,VIV:0; RNE:1; KON:1; PLE:1; SOV:1,No,,additional_info[5].body,"Semih Sporadically errors showing up Sl. No. Severity Event Time Duration Description Cleared at 1 Error DC1_CableTempSensor_XD100 May 03, 2025, 12:11:27 PM 57m 25s 257ms VIV:0 RNE:1 KON:1 May 03, 2025, 01:08:52 PM 2 Error DC1_CableTempSensor_XD100 May 03, 2025, 12:11:17 PM 5s 4ms VIV:0 PLE:1 KON:1 May 03, 2025, 12:11:22 PM 3 Error DC1_CableTempSensor_XD100 May 03, 2025, 12:10:02 PM 25s 4ms VIV:0 PLE:1 KON:1 May 03, 2025, 12:10:27 PM 4 Error DC1_CableTempSensor_XD100 May 03, 2025, 10:05:56 AM 1h 4m 35s 513ms VIV:0 PLE:1 KON:1 May 03, 2025, 11:10:31 AM 5 Error DC1_CableTempSensor_XD100 May 03, 2025, 09:59:46 AM 6m 24m",1,59e030fd-c721-f011-9d47-7c1e52fce21e.json
0422221_DC1,0422221,6f62ec2c-8ac0-41c8-ac59-ea0102b2882b,DViUun,MP / S3 170003388,DC1,DC1_CABLETEMPSENSOR_XD100,2025-05-05T06:34:06Z,ticket_created,2025-05-05T06:34:06Z,2025-05-05T06:34:06Z,,POSITIVE_HIGH,exact CableTempSensor fault code in title/description; failure/error language; sensor/troubleshooting evidence; completed repair/resolution evidence,,,,,,ID0422221-DC/Si-D/DK[DViUun] - DC1_CableTempSensor_XD100,"Charger is in error:
DC1_CableTempSensor_XD100
Please check PT1000 sensor values for DC1.",,,Yes,2025-05-28T07:23:47Z,"RE: ID0422221-DC/Si-D/DK[DViUun] - DC1_CableTempSensor_XD100 CRM:00315002591 Today May 28 cable have been replaced, charger is working again. With best regards, Rasmus Eksten Siemens A/S Denmark Smart Infrastructure eMobility - Denmark RC-DK SI E Borupvang 9 2750 Ballerup, Denmark mobil: +45 21 67 85 18 mailto:rasmus.eksten@siemens.com www.linkedin.com/company/siemens www.siemens.com Siemens A/S. Headquarters: Borupvang 9, 2750 Ballerup, Denmark. Tel: +45 4477 4477 CVR-no. 16 99 30 85 Important notice: This e-mail and any attachment thereof contain corporate",,No,,additional_info[0].body; additional_info[0].subject; additional_info[1].subject; additional_info[2].subject; additional_info[3].body; description; title,ID0422221-DC/Si-D/DK[DViUun] - DC1_CableTempSensor_XD100 Charger is in error: DC1_CableTempSensor_XD100 Please check PT1000 sensor values for DC1.,7,6f62ec2c-8ac0-41c8-ac59-ea0102b2882b.json
0422150_DC1,0422150,0d9f0654-3fdc-4c92-b347-c87fb4b68db1,8yL3vI,MP/S4170003523,DC1,DC1_CABLETEMPSENSOR_XD100,2025-05-03T11:20:39Z,ticket_created,2025-05-03T11:20:39Z,2025-05-03T11:20:39Z,2025-03-05,POSITIVE_HIGH,exact CableTempSensor fault code in title/description; diagnostic fault flags; completed repair/resolution evidence,,,,,,ID0422150-DC/Si-D/TR-[MP / S4 170003523] DC1_CableTempSensor_XD100,"Reported behaviour/issue: DC1_CableTempSensor_XD100
Solution: NA
yyyy-mm-dd:
2025-03-05",,NA,Yes,2025-05-05T19:23:54Z,"RE: ID0422150-DC/Si-D/TR-[MP / S4 170003523] DC1_CableTempSensor_XD100 CRM:02698000097 Hi Mohini, We replaced the cable in this error and it worked that way. 😊 With best regards, Yunus Emre Temel Siemens Sanayi ve Ticaret Anonim Sirketi RC-TR SI E CS Yakacik Caddesi No 111 34870 Istanbul, Türkiye Mobile: +90 5300504719 mailto:emre.temel@siemens.com www.siemens.com",VIV:0; RNE:1; KON:1,No,,additional_info[0].body; additional_info[1].body; additional_info[1].subject; additional_info[2].subject; additional_info[3].subject; additional_info[4].subject; description; title,ID0422150-DC/Si-D/TR-[MP / S4 170003523] DC1_CableTempSensor_XD100 Reported behaviour/issue: DC1_CableTempSensor_XD100 Solution: NA yyyy-mm-dd: 2025-03-05,8,0d9f0654-3fdc-4c92-b347-c87fb4b68db1.json
0422066_DC1,0422066,2644ff3b-4427-f011-8c4e-6045bdde4786,HTlo5K,Y2 / S7 313808292010,DC1,DC1_CABLETEMPSENSOR_XD100,2025-05-02T10:57:31Z,ticket_created,2025-05-02T10:57:31Z,2025-05-02T10:57:31Z,2025-04-30,POSITIVE_HIGH,exact CableTempSensor fault code in title/description; diagnostic fault flags,,,,,,ID0422066-DC/Si-D/DE-[Y2 / S7 313808292010] DC1_CableTempSensor_XD100,"Reported behaviour/issue: Charging point is defective
Solution: NA
yyyy-mm-dd: 2025-04-30",,NA,No,,,VIV:0; RNE:1; PLE:0; SOV:0; KON:1,No,,additional_info[18].subject; additional_info[3].body; additional_info[5].body; title,ID0422066-DC/Si-D/DE-[Y2 / S7 313808292010] DC1_CableTempSensor_XD100 Reported behaviour/issue: Charging point is defective Solution: NA yyyy-mm-dd: 2025-04-30,4,2644ff3b-4427-f011-8c4e-6045bdde4786.json
0421685_UNKNOWN,0421685,39f95dc2-8d25-f011-8c4e-6045bdddca9c,Brb5yR,MP / R8 170002420,,,2025-04-30T12:13:07Z,additional_info,2025-04-30T06:38:51Z,2025-04-30T12:13:07Z,,MENTION_ONLY,CableTempSensor appears only in generic/Knowledge Article context,,,,,,ID0421685-DC/Si-D/AE-[MP/R8 170002420] HMI not working,"Reported behavior/issue:
HMI is not working and one of the connector is also faulty.",,,No,,,,No,,additional_info[2].body,"ID0421685-DC/Si-D/AE-[MP/R8 170002420] XD100 ERROR CRM:01282000968 Dear Colleagues, I am writing to formally inform that we are moving case 0421685 ﻿from the eMobility DC Queue (Level 2) to the eMobility RC- AE SI E Queue (Level 2) , due to one or more following reason (s): Kindly follow the doument below for troubleshooting steps, a site visit is needed for it. Knowledge Article: Knowledge Article for ISP: Emobility_SiCD_HW_EcoG LE (KF12)_DC1_CableTempSensor_XD100 - Dynamics 365 Carry aEcoG spare along Reason Applicable Onsite Repair (Component Exchange) Onsite Troubleshooting X End Customer Communication Spare Part Ordering Performance monitoring by RC Refer this link for RMA process: Return spare parts Sicharge D Kindly pick up the case using "" Pick "" option in the queue or manually using the "" Assign "" function from the eMobility RC- AE SI E Queue (Level 2) and work on it & document the activity (Logs/Field Service Report) and attach it to the N",1,39f95dc2-8d25-f011-8c4e-6045bdddca9c.json
0421705_DC2,0421705,954e0315-9525-f011-8c4e-7c1e5236cda4,oFtBFH,Y2 / S6 313724839003,DC2,DC2_CABLETEMPSENSOR_XD101,2025-04-30T07:31:13Z,ticket_created,2025-04-30T07:31:13Z,2025-04-30T07:31:13Z,,POSITIVE_MEDIUM,exact CableTempSensor fault code in title/description; failure/error language; sensor/troubleshooting evidence; other DC faults also present,,,Yes,DUP_0004,Yes,ID0421167-DC/Si-D/CZ-[Y2/S6 313724839003] Issue with CP2,"Reported behaviour/issue: Dear support, we are havin an issue with CP2. May I ask you to investigate what is the real problem? Now I can see four Error flags related to CP2 also containing: DC2_CoolingUnit_EP1_Fan/Pump DC2_CableTempSensor_XD101 Would you please investigate it? I gave the instructions to the CPO to NOT reboot the charger until your intervention.",,,No,,,,Yes,DC2_COOLINGUNIT_EP1_FAN/PUMP,additional_info[1].body; additional_info[3].body; description,"ID0421167-DC/Si-D/CZ-[Y2/S6 313724839003] Issue with CP2 Reported behaviour/issue: Dear support, we are havin an issue with CP2. May I ask you to investigate what is the real problem? Now I can see four Error flags related to CP2 also containing: DC2_CoolingUnit_EP1_Fan/Pump DC2_CableTempSensor_XD101 Would you please investigate it? I gave the instructions to the CPO to NOT reboot the charger until your intervention.",3,954e0315-9525-f011-8c4e-7c1e5236cda4.json
0421473_DC1,0421473,4206e71a-f027-4f75-95ec-4d0ce289c18b,3AHqra,MP / S3 170003353,DC1,DC1_CABLETEMPSENSOR_XD100; DC1_CABLETEMPSENSOR_XD101,2025-04-29T08:03:49Z,ticket_created,2025-04-29T08:03:49Z,2025-04-29T08:03:49Z,,POSITIVE_MEDIUM,failure/error language; sensor/troubleshooting evidence; completed repair/resolution evidence,,,,,,ID0421473-DC/Si-D/DK-[MP / S3 170003353] CableTempSensor error,"Reported behavior/issue: CableTempSensor error
Root cause:
Solution:",Solution:,,Yes,2025-05-14T09:48:21Z,"RE: ID0421473-DC/Si-D/DK-[MP / S3 170003353] CableTempSensor error CRM:00642002240 Both DC1 and DC2 cables have been replaced, and the charger is working again. With best regards, Rasmus Eksten Siemens A/S Denmark Smart Infrastructure eMobility - Denmark RC-DK SI E Borupvang 9 2750 Ballerup, Denmark mobil: +45 21 67 85 18 mailto:rasmus.eksten@siemens.com www.linkedin.com/company/siemens www.siemens.com Siemens A/S. Headquarters: Borupvang 9, 2750 Ballerup, Denmark. Tel: +45 4477 4477 CVR-no. 16 99 30 85 Important notice: This e-mail and any attachment thereof contain corporate proprietary information.",,No,,additional_info[0].body; additional_info[1].body; additional_info[1].subject; additional_info[2].body; additional_info[2].subject; additional_info[3].body; additional_info[3].subject; additional_info[4].subject; additional_info[5].subject; description; title,ID0421473-DC/Si-D/DK-[MP / S3 170003353] CableTempSensor error Reported behavior/issue: CableTempSensor error Root cause: Solution:,11,4206e71a-f027-4f75-95ec-4d0ce289c18b.json
0421167_DC1,0421167,74c22a4d-0024-f011-8c4d-7c1e5236e32d,Brb5yR,MP / R8 170002420,DC1,DC1_CABLETEMPSENSOR_XD100,2025-04-28T07:13:38Z,ticket_created,2025-04-28T07:13:38Z,2025-04-28T07:13:38Z,,POSITIVE_HIGH,exact CableTempSensor fault code in title/description; sensor/troubleshooting evidence,,,,,,ID0421167-DC/Si-D/AE-[MP/R8 170002420] DC1_CableTempSensor_XD100,"Reported behaviour/issue: Connector 1 is showing unavailable
Solution:",,,No,,,,No,,additional_info[5].body; additional_info[7].subject; title,ID0421167-DC/Si-D/AE-[MP/R8 170002420] DC1_CableTempSensor_XD100 Reported behaviour/issue: Connector 1 is showing unavailable Solution:,3,74c22a4d-0024-f011-8c4d-7c1e5236e32d.json
0420067_DC4,0420067,59ae714a-551f-f011-a81b-002248a12796,347QDl,"F2R6422913,MP / R4 170001763",DC4,DC4_CABLETEMPSENSOR_XD240,2025-04-23T13:39:53Z,additional_info,2025-04-22T08:39:24Z,2025-04-23T13:39:53Z,,REVIEW,diagnostic fault flags; sensor/troubleshooting evidence,,,,,,ID0420067-DC/Si-D/DE-[MP / R4 170001763 ERK] LP4 Not Available,"Reported behavior/issue:  LP4 not available
Solution:
yyyy-mm-dd:
04/22/2025, 06:42 PM",,"yyyy-mm-dd: 04/22/2025, 06:42 PM",No,,,VIV:0; PLE:1; KON:1; RNE:1; SOV:1,No,,additional_info[7].body,"oubleshooting X End Customer Communication X Spare Part Ordering X(May be) Performance monitoring by RC Note: Need to check below points in Dispenser 1) Check CCS2 Plug for any dust or crack in DC4 2) Check PT1000 resistance values in terminal +F220-XD212:(5,6,7,8) & check connection and tightness in terminal of KF214 3) If Resistance value abnormal then CCS2 needs to be placed MLFB: 8EM5903-0AA02-6AA2 :+F210-XD240 :qTY1 4) Check DC+ & DC- RESISTANCE 5) In logs it is observed multiple times DC4_CableTempSensor_XD240 fault has appeared & Charging Cable Sensor Plausibility Contact Temperatures: 12.6, 63.1 deg C observed. Kindly pick up the case using "" Pick "" option in the queue or manually using the "" Assign "" function from the eMobility RC-DE SI E Queue (Level 2) and work on it & document the activity (Logs/Field Service Report) and attach it to the Notes in the case timeline or under documents Tab on ISP. In case you require expert support, kindly create Work-order as per unified service process . I",1,59ae714a-551f-f011-a81b-002248a12796.json
0420082_DC2,0420082,b13c5b9f-581f-f011-9989-7c1e5236e32d,TOf9QH,MP / R8 170002516,DC2,DC2_CABLETEMPSENSOR_XD101,2025-04-23T09:36:36Z,additional_info,2025-04-22T09:03:24Z,2025-04-23T09:36:36Z,,REVIEW,diagnostic fault flags; other DC faults also present,,,,,,ID0420082-DC/Si-D/AE-[ MP / R8 170002516]Charger rebooting continously,"Reported behaviour/issue:  Charger rebooting continously
Solution: NA
yyyy-mm-dd:
2025/04/22",,NA,No,,,VIV:0; RNE:1; KON:1,Yes,DC1_STATEMONITOR_KF13,additional_info[2].body; additional_info[3].body,Charger in Failsafe Mode SECC_KF11_GenData_MB_Problem PLC SYSTEM true loss of communication IMD data and pump ChargerOperationMode PLC SYSTEM true FAILSAFE DC2_CableTempSensor_XD101 PLC DEVICE true VIV:0 RNE:1 KON:1,2,b13c5b9f-581f-f011-9989-7c1e5236e32d.json
0419755_DC2,0419755,78029de3-221d-f011-9989-7c1e52361e39,Ck6muI,MP / NN 170000080,DC2,DC2_CABLETEMPSENSOR_XD101,2025-04-19T13:33:39Z,ticket_created,2025-04-19T13:33:39Z,2025-04-19T13:33:39Z,,POSITIVE_HIGH,exact CableTempSensor fault code in title/description; diagnostic fault flags,,,,,,ID0419755-DC/Si-D/PK-[MP / NN 170000080] DC2_CableTempSensor_XD101,"Reported behavior/issue:
DC2_CableTempSensor_XD101
Root cause:
Solution:
19.05.2025: Notes",Solution: 19.05.2025: Notes,19.05.2025: Notes,No,,,VIV:0; RNE:1; PLE:0; SOV:0; KON:1,No,,additional_info[13].body; additional_info[54].subject; description; title,ID0419755-DC/Si-D/PK-[MP / NN 170000080] DC2_CableTempSensor_XD101 Reported behavior/issue: DC2_CableTempSensor_XD101 Root cause: Solution: 19.05.2025: Notes,4,78029de3-221d-f011-9989-7c1e52361e39.json
0419179_DC2,0419179,21165a3f-911a-f011-998a-7c1e5287f582,oFtBFH,Y2 / S6 313724839003,DC2,DC2_CABLETEMPSENSOR_XD101,2025-04-16T07:06:04Z,ticket_created,2025-04-16T07:06:04Z,2025-04-16T07:06:04Z,,POSITIVE_MEDIUM,exact CableTempSensor fault code in title/description,,,Yes,DUP_0004,Yes,ID0419179-DC/Si-D/CZ-[Y2/S6 313724839003] DC2_CableTempSensor_XD101,"Reported behaviour/issue: DC2_CableTempSensor_XD101 → CAN Communication lost
Solution:",,,No,,,,No,,additional_info[2].body; additional_info[2].subject; additional_info[3].subject; additional_info[4].subject; additional_info[5].subject; additional_info[6].subject; additional_info[7].subject; additional_info[8].subject; description; title,ID0419179-DC/Si-D/CZ-[Y2/S6 313724839003] DC2_CableTempSensor_XD101 Reported behaviour/issue: DC2_CableTempSensor_XD101 → CAN Communication lost Solution:,10,21165a3f-911a-f011-998a-7c1e5287f582.json
0419172_DC2,0419172,04218181-e5fd-4d7d-8a79-83e79783f92f,Xdc81P,MP / S3 170003355,DC2,DC2_CABLETEMPSENSOR_XD101,2025-04-16T06:34:13Z,ticket_created,2025-04-16T06:34:13Z,2025-04-16T06:34:13Z,,POSITIVE_HIGH,exact CableTempSensor fault code in title/description; failure/error language; sensor/troubleshooting evidence,,,,,,ID0419172-DC/Si-D/DK[Xdc81P] - DC2_CableTempSensor_XD101,"Charger shows error on DC2, there is a know issue with 375A Phoenix cables. We have replaced 6 cables already in Denmark.
Please check that the PT1000 temperature sensors shows invalid values.",,,No,,,,No,,additional_info[0].body; additional_info[0].subject; additional_info[1].subject; additional_info[2].body; title,"ID0419172-DC/Si-D/DK[Xdc81P] - DC2_CableTempSensor_XD101 Charger shows error on DC2, there is a know issue with 375A Phoenix cables. We have replaced 6 cables already in Denmark. Please check that the PT1000 temperature sensors shows invalid values.",5,04218181-e5fd-4d7d-8a79-83e79783f92f.json
0418766_DC1,0418766,2d5f9cf3-4b01-45cf-804b-52ebad932ace,F5bRB8,MP / R9 170002444,DC1,DC1_CABLETEMPSENSOR_XD100,2025-04-14T13:02:51Z,ticket_created,2025-04-14T13:02:51Z,2025-04-14T13:02:51Z,,POSITIVE_MEDIUM,exact CableTempSensor fault code in title/description,,,Yes,DUP_0006,Yes,ID0418766-DC/Si-D/IT- [MP / R9 170002444]DC1_CableTempSensor_XD100,"Reported behavior/issue:
DC1_CableTempSensor_XD100
Root cause:
Solution:",Solution:,,No,,,,No,,description; title,ID0418766-DC/Si-D/IT- [MP / R9 170002444]DC1_CableTempSensor_XD100 Reported behavior/issue: DC1_CableTempSensor_XD100 Root cause: Solution:,2,2d5f9cf3-4b01-45cf-804b-52ebad932ace.json
0418689_DC2,0418689,1d46d856-1a19-f011-9989-000d3ad97a58,0kkOWg,MP / R8 170002447,DC2,DC2_CABLETEMPSENSOR_XD101,2025-04-14T10:22:20Z,ticket_created,2025-04-14T10:22:20Z,2025-04-14T10:22:20Z,,POSITIVE_MEDIUM,exact CableTempSensor fault code in title/description,,,,,,ID0418689-DC/Si-D/IT-[MP / R8 170002447] DC2_CableTempSensor_XD101,"Reported behavior/issue: DC2_CableTempSensor_XD101
Solution: Replace cable
Update from site:
Blue-orange: 4,5 kOhm - White-Violet: 0,143 kOhm
Ground 12 V",,"Replace cable Update from site: Blue-orange: 4,5 kOhm - White-Violet: 0,143 kOhm Ground 12 V",No,,,,No,,description; title,"ID0418689-DC/Si-D/IT-[MP / R8 170002447] DC2_CableTempSensor_XD101 Reported behavior/issue: DC2_CableTempSensor_XD101 Solution: Replace cable Update from site: Blue-orange: 4,5 kOhm - White-Violet: 0,143 kOhm Ground 12 V",2,1d46d856-1a19-f011-9989-000d3ad97a58.json
0418687_DC1,0418687,af9a6c25-1a19-f011-9989-6045bdddc206,F5bRB8,MP / R9 170002444,DC1,DC1_CABLETEMPSENSOR_XD100,2025-04-14T10:20:59Z,ticket_created,2025-04-14T10:20:59Z,2025-04-14T10:20:59Z,,POSITIVE_HIGH,exact CableTempSensor fault code in title/description; completed repair/resolution evidence,,,Yes,DUP_0006,Yes,ID0418687-DC/Si-D/IT-[ MP / R9 170002444 ] Problem on DC1_CableTempSensor_XD100,"Reported issue: Problem on DC1_CableTempSensor_XD100
Solution:
yyyy-mm-dd:",,yyyy-mm-dd:,Yes,2025-04-28T15:21:43Z,We replaced the cable CCS that caused the issue. Now everything is ok Report attached: Report Latina Decos 2444.pdf,,No,,additional_info[1].body; additional_info[1].subject; additional_info[2].subject; additional_info[3].subject; additional_info[4].subject; description; title,ID0418687-DC/Si-D/IT-[ MP / R9 170002444 ] Problem on DC1_CableTempSensor_XD100 Reported issue: Problem on DC1_CableTempSensor_XD100 Solution: yyyy-mm-dd:,7,af9a6c25-1a19-f011-9989-6045bdddc206.json
0418320_DC1,0418320,e6043181-a416-f011-9989-000d3ad97a58,MP / R6 170001953,MP / R6 170001953,DC1,DC1_CABLETEMPSENSOR_XD100,2025-04-11T07:13:51Z,ticket_created,2025-04-11T07:13:51Z,2025-04-11T07:13:51Z,,POSITIVE_HIGH,exact CableTempSensor fault code in title/description; failure/error language,,,,,,ID0418320-DC/Si-D/DE-[MP / R6 170001953] Charging Interruption,"Reported behavior/issue: DC1_CableTempSensor_XD100
Root cause: ERR69 - internal communication error
Solution: Install EcoG 1.4.11",ERR69 - internal communication error,Install EcoG 1.4.11,No,,,,No,,description,ID0418320-DC/Si-D/DE-[MP / R6 170001953] Charging Interruption Reported behavior/issue: DC1_CableTempSensor_XD100 Root cause: ERR69 - internal communication error Solution: Install EcoG 1.4.11,1,e6043181-a416-f011-9989-000d3ad97a58.json
0417361_DC1,0417361,2163eef4-b313-f011-9989-000d3a68c3af,NWYmy6,MP / R4 170001753,DC1,DC1_CABLETEMPSENSOR_XD100,2025-04-07T13:26:51Z,ticket_created,2025-04-07T13:26:51Z,2025-04-07T13:26:51Z,2025-04-07,POSITIVE_MEDIUM,exact CableTempSensor fault code in title/description,,,,,,ID0417361-DC/Si-D/FR- [MP/R4 170001753] DC1_CableTempSensor_XD100,"Reported behaviour/issue: Charging Interuption due to
DC1_CableTempSensor_XD100
Solution: Update to v6.1.3
yyyy-mm-dd: 2025-04-07",,Update to v6.1.3,No,,,,No,,additional_info[10].subject; additional_info[13].subject; additional_info[7].body; additional_info[7].subject; description; title,ID0417361-DC/Si-D/FR- [MP/R4 170001753] DC1_CableTempSensor_XD100 Reported behaviour/issue: Charging Interuption due to DC1_CableTempSensor_XD100 Solution: Update to v6.1.3 yyyy-mm-dd: 2025-04-07,6,2163eef4-b313-f011-9989-000d3a68c3af.json
0414562_DC2,0414562,3fc2cbed-9808-f011-bae3-6045bde0265d,vmgW9X,"MP / PD 170001199,MP / PD 170001199",DC2,DC2_CABLETEMPSENSOR_XD101,2025-04-02T21:36:12Z,additional_info,2025-03-24T10:15:37Z,2025-04-02T21:36:12Z,,REVIEW,failure/error language; diagnostic fault flags; other DC faults also present,,,,,,ID0414562-DC/Si-D/BE-[MP / PD 170001199]broken charger plug,"Reported behaviour/issue: broken charger plug
Solution:",,,No,,,VIV:0; RNE:1; KON:1,Yes,DC2_COOLINGUNIT_EP1_FAN/PUMP,additional_info[22].body,"ID0414562-DC/Si-D/BE-[MP / PD 170001199]broken charger plug CRM:00798002086 Hi Team, We have got 3 cases for this charger. We have merged all in one. We could see Customer reported issue as broken charger plug. We are seeking for the photographs from Customer, Which we didn't got as of now. We have investigated the charger health. Additionally, We could see following error flags. DC2_CoolingUnit_EP1_Fan/Pump BUS: 0 GSH: 0 GSS: 0 SDC: 0 SLK: 0 ErrorCode: 3 DC2_CableTempSensor_XD101 VIV:0 RNE:1 CBL:1 KON:1 CBL:1 HOU:1 CRet:1 Outlet_DC2_codes DC2 Errorcode:4 outlet2 Outlet 2: outoforder, LEMState: Working Meter_BC6_AC_Income Modbus Error PowerConverter[14] Converter not found, CanCommLoss PowerConverters Missing Converters in DC3 BUS: 0 - CAN bus lost/CAN wiring error/24V to cable lost GSH: 0 - Good signal lost / wiring error / LOGO comm lost / 24V to cable lost ErrorCode: 3 - Cable CAN communication Lost while charging is OFF We need to check for the 24v and 0v. Pl",1,3fc2cbed-9808-f011-bae3-6045bde0265d.json
0416468_DC1,0416468,0704ba64-b10f-f011-9989-7c1e523508ba,Y2 / PD 312571675/25,Y2 / PD 312571675/25,DC1,DC1_CABLETEMPSENSOR_XD100,2025-04-02T15:49:48Z,additional_info,2025-04-02T10:58:30Z,2025-04-02T15:49:48Z,,REVIEW,diagnostic fault flags; sensor/troubleshooting evidence,,,,,,ID0416468-DC/Si-D/FR-[Y2 / PD 312571675/25] Charging issue,"Reported issue:  We regularly see numerous charging sessions unexpectedly interrupted after a few minutes at this charging station
Solution:",,,No,,,VIV:0; PLE:1; KON:1,No,,additional_info[2].body,"Thu, 13 Mar 2025 11:04:31 GMT 2025-03-13, 11:04:27 2025-03-13T11:04:27.051529+00:00 swcpu [user:debug] [4021] [CLS] |Tstamp=1741863867|DC1|Message=Periodic Cable Temperature logging feature activation request|UserReq=0|CabHighTemp=0|DebugMode=0|ChrgOffDly=0| Thu, 13 Mar 2025 11:00:00 GMT 2025-03-13, 10:59:59 2025-03-13T10:59:59.822015+00:00 sicharge-cp [local0:info] sicharge-cp-backend/5b96da8f207f[732]: PLC-Error-Flag 'DC1_CableTempSensor_XD100' changed from true - ('VIV:0 PLE:1 KON:1') to false - ('temperature sensors okay') Thu, 13 Mar 2025 10:59:37 GMT 2025-03-13, 10:59:36 2025-03-13T10:59:36.830817+00:00 sicharge-cp [local0:info] sicharge-cp-backend/5b96da8f207f[732]: PLC-Error-Flag 'DC1_CableTempSensor_XD100' changed from false - ('temperature sensors okay KON:1') to true - ('VIV:0 PLE:1 KON:1') Thu, 13 Mar 2025 10:59:37 GMT 2025-03-13, 10:59:36 2025-03-13T10:59:36.803804+00:00 swcpu [user:debug] [4021] [CSV] DC1: Charging",1,0704ba64-b10f-f011-9989-7c1e523508ba.json
0416550_DC2,0416550,277b61c4-d10f-f011-998a-000d3ad97a58,drNzJd,Y2 / R9 313202799038,DC2,DC2_CABLETEMPSENSOR_XD101,2025-04-02T14:50:13Z,ticket_created,2025-04-02T14:50:13Z,2025-04-02T14:50:13Z,,POSITIVE_MEDIUM,exact CableTempSensor fault code in title/description,,,,,,ID0416550-DC/Si-D/MC-[Y2 / R9 313202799038] DC2_CableTempSensor_XD101,"Reported behavior/issue: I have a problem on connector 2 (right) on this terminal. Following an interview with Antoine BRUA, a temperature problem has been identified on the cable.
Root cause:
Solution:",Solution:,,No,,,,No,,additional_info[5].body; additional_info[7].body; title,"ID0416550-DC/Si-D/MC-[Y2 / R9 313202799038] DC2_CableTempSensor_XD101 Reported behavior/issue: I have a problem on connector 2 (right) on this terminal. Following an interview with Antoine BRUA, a temperature problem has been identified on the cable. Root cause: Solution:",3,277b61c4-d10f-f011-998a-000d3ad97a58.json
0416322_DC2,0416322,60b3adce-890f-f011-998a-7c1e5236eee4,ugTWsO,MP / R0 170002549,DC2,DC2_CABLETEMPSENSOR_XD101,2025-04-02T07:42:28Z,additional_info,2025-04-02T06:15:07Z,2025-04-02T07:42:28Z,,REVIEW,failure/error language; other DC faults also present,,,Yes,DUP_0009,Yes,ID0416322-DC/Si-D/DE[ugTWsO] - Outlet 2 error,"Reported behaviour/issue:
DC2_CableTemp_SensorXD101
Solution:",,,No,,,,Yes,DC2_CABLETEMP_SENSORXD101,additional_info[1].body; additional_info[2].body,"ID0416322-DC/Si-D/DE[ugTWsO] - Outlet 2 error CRM:00315002501 Dear Benjamin, good morning. How are you today? Thank you for reaching out to eMobility Support. My name is Francisco , and I will be assisting you with your following query today: Product : Sicharge D - Charging Center - ERK Main Asset : AH5057DC003 ChargerID/Serial No. : ugTWsO Problem Description : DC2 is out of order due to DC2_CableTempSensor_XD101 error Troubleshooting : I checked the charger remotely and I see the following: This is in Ohms, so it seems that either there is something wrong with the cable or the StateMonitor Please start measuring from the XD16:7B and 8D to their respective 0V, if the measurement is already different from 1kOhm here, you can replace the cable. If these points are measuring 1kOhm then we need to move on the next points, after the connector, XD16:7A and 8C, until the StateMonitor. If the 1kOhm is aga",2,60b3adce-890f-f011-998a-7c1e5236eee4.json
0416297_DC2,0416297,369635a0-3f0f-f011-9989-6045bdddca9c,8iwoBh,Y2 / P0 312567479/03,DC2,DC2_CABLETEMPSENSOR_XD101,2025-04-01T21:24:01Z,ticket_created,2025-04-01T21:24:01Z,2025-04-01T21:24:01Z,,POSITIVE_MEDIUM,exact CableTempSensor fault code in title/description,,,,,,ID0416297-DC/Si-D/FR-[Y2 / P0 312567479/03] DC2_CableTempSensor_XD101,"Reported behavior/issue:
A customer tried to charge his EV, but the charge stopped after 5 minutes. There were 3 attempts, but the same LOGS message was still displayed.
Root cause:
Solution:
On DAMEX Sanctioned List: No
Warranty Status: Inactive",Solution:,On DAMEX Sanctioned List: No,No,,,,No,,additional_info[1].body; additional_info[1].subject; additional_info[5].subject; additional_info[6].subject; additional_info[7].body; additional_info[7].subject; title,"ID0416297-DC/Si-D/FR-[Y2 / P0 312567479/03] DC2_CableTempSensor_XD101 Reported behavior/issue: A customer tried to charge his EV, but the charge stopped after 5 minutes. There were 3 attempts, but the same LOGS message was still displayed. Root cause: Solution: On DAMEX Sanctioned List: No Warranty Status: Inactive",7,369635a0-3f0f-f011-9989-6045bdddca9c.json
0415633_DC2,0415633,a4d876ec-0cc8-4de9-9f29-afc51fc70aa0,ObibH9,MP / R1 170001229,DC2,DC2_CABLETEMPSENSOR_XD101,2025-03-28T09:54:10Z,ticket_created,2025-03-28T09:54:10Z,2025-03-28T09:54:10Z,,POSITIVE_HIGH,exact CableTempSensor fault code in title/description; failure/error language; diagnostic fault flags,,,,,,ID0415633-DC/Si-D/NO-[MP / R1 170001229] DC2_CableTempSensor_XD101,2025-03-28T09:04:21.805153+00:00 sicharge-cp [local0:info] sicharge-cp-backend/78b9b979cb08[737]: PLC-Error-Flag 'DC2_CableTempSensor_XD101' changed from false - ('temperature sensors okay KON:1') to true - ('VIV:0 PLE:1 KON:1'),,,No,,,KON:1; VIV:0; PLE:1,No,,additional_info[0].body; additional_info[1].subject; description; title,ID0415633-DC/Si-D/NO-[MP / R1 170001229] DC2_CableTempSensor_XD101 2025-03-28T09:04:21.805153+00:00 sicharge-cp [local0:info] sicharge-cp-backend/78b9b979cb08[737]: PLC-Error-Flag 'DC2_CableTempSensor_XD101' changed from false - ('temperature sensors okay KON:1') to true - ('VIV:0 PLE:1 KON:1'),4,a4d876ec-0cc8-4de9-9f29-afc51fc70aa0.json
0415580_DC1,0415580,94a09b19-5124-4cb1-99db-12f77ab45b69,zWXyBe,MP/S4170003525,DC1,DC1_CABLETEMPSENSOR_XD100,2025-03-28T07:47:49Z,ticket_created,2025-03-28T07:47:49Z,2025-03-28T07:47:49Z,,POSITIVE_HIGH,exact CableTempSensor fault code in title/description; failure/error language; diagnostic fault flags,,,,,,ID0415580-DC/Si-D/TR-[MP / S5 170003525] DC1_CableTempSensor_XD100,"DC1_CableTempSensor_XD100
VIV:0 RNE:1 KON:1
Outlet-1 is out of service",,,No,,,VIV:0; RNE:1; KON:1,No,,additional_info[0].body; additional_info[0].subject; additional_info[1].subject; additional_info[2].subject; additional_info[3].subject; additional_info[4].subject; additional_info[5].subject; additional_info[6].body; additional_info[7].body; description; title,ID0415580-DC/Si-D/TR-[MP / S5 170003525] DC1_CableTempSensor_XD100 DC1_CableTempSensor_XD100 VIV:0 RNE:1 KON:1 Outlet-1 is out of service,11,94a09b19-5124-4cb1-99db-12f77ab45b69.json
0415507_DC2,0415507,93291b57-1509-4f7f-ab61-88933a05d688,ugTWsO,"MP / R0 170002549,MP / R0 170002549",DC2,DC2_CABLETEMPSENSOR; DC2_CABLETEMPSENSOR_XD101,2025-03-27T15:51:38Z,ticket_created,2025-03-27T15:51:38Z,2025-03-27T15:51:38Z,,POSITIVE_HIGH,exact CableTempSensor fault code in title/description; failure/error language,,,Yes,DUP_0009,Yes,ID0415427-DC/Si-D/DE-[MP / R0 170002549] DC2_CableTempSensor (C1),"Reported behavior/issue:
The outlet DC2 on charger ugTWsO shows the error flag ""DC2_CableTempSensor_XD101"".
Please check from your side.
Open Ticket:
No
Root cause:
Solution:
Software Version: v6.0.3-0-g215cb74+APN (PRODUCTION)
OCPP Backend Connection: Yes
WO 4338",Solution: Software Version: v6.0.3-0-g215cb74+APN (PRODUCTION) OCPP Backend Connection: Yes WO 4338,Software Version: v6.0.3-0-g215cb74+APN (PRODUCTION) OCPP Backend Connection: Yes WO 4338,No,,,,No,,additional_info[0].body; additional_info[10].subject; additional_info[11].subject; additional_info[12].body; additional_info[12].subject; additional_info[2].body; additional_info[3].subject; additional_info[4].body; additional_info[4].subject; additional_info[5].subject; additional_info[6].subject; additional_info[8].body; additional_info[8].subject; additional_info[9].subject; description; title,"ID0415427-DC/Si-D/DE-[MP / R0 170002549] DC2_CableTempSensor (C1) Reported behavior/issue: The outlet DC2 on charger ugTWsO shows the error flag ""DC2_CableTempSensor_XD101"". Please check from your side. Open Ticket: No Root cause: Solution: Software Version: v6.0.3-0-g215cb74+APN (PRODUCTION) OCPP Backend Connection: Yes WO 4338",16,93291b57-1509-4f7f-ab61-88933a05d688.json
0415505_DC2,0415505,ca500946-230b-f011-a81b-002248a12796,Yekgnr,Y2/S9 313897079/001,DC2,DC2_CABLETEMPSENSOR_XD101,2025-03-27T15:50:58Z,ticket_created,2025-03-27T15:50:58Z,2025-03-27T15:50:58Z,,POSITIVE_MEDIUM,exact CableTempSensor fault code in title/description; diagnostic fault flags; sensor/troubleshooting evidence; other DC faults also present,,,,,,ID0415505-DC/Si-D/HU-[Y2/S9 313897079/001]Cooling Unit & Cable temperature Issue,"Reported behaviour/issue: Cooling Unit & temperature Issue
Root cause:
Solution:
Dear Support Team,
We have a problem with a charger:
'DC2_CoolingUnit_EP1_Fan/Pump'
'DC2_CableTempSensor_XD101'
Serial number: Y2/S9 313897079/001
ID: Yekgnr
I have attached the logs.
Thanks in advance!
Best regards,
Laszlo
Software Version: NA
OCPP Backend Connection: Yes","Solution: Dear Support Team, We have a problem with a charger: 'DC2_CoolingUnit_EP1_Fan/Pump' 'DC2_CableTempSensor_XD101' Serial number: Y2/S9 313897079/001 ID: Yekgnr I have attached the logs. Thanks in advance! Best regards, Laszlo Software Version: NA OCPP Backend Connection: Yes","Dear Support Team, We have a problem with a charger: 'DC2_CoolingUnit_EP1_Fan/Pump' 'DC2_CableTempSensor_XD101' Serial number: Y2/S9 313897079/001 ID: Yekgnr I have attached the logs. Thanks in advance! Best regards, Laszlo Software Version: NA OCPP Backend Connection: Yes",No,,,VIV:0; KON:1; RNE:0; PLE:0; SOV:0; RNE:1; PLE:1; SOV:1,Yes,DC2_COOLINGUNIT_EP1_FAN/PUMP,additional_info[3].body; additional_info[5].body; description,"ID0415505-DC/Si-D/HU-[Y2/S9 313897079/001]Cooling Unit & Cable temperature Issue Reported behaviour/issue: Cooling Unit & temperature Issue Root cause: Solution: Dear Support Team, We have a problem with a charger: 'DC2_CoolingUnit_EP1_Fan/Pump' 'DC2_CableTempSensor_XD101' Serial number: Y2/S9 313897079/001 ID: Yekgnr I have attached the logs. Thanks in advance! Best regards, Laszlo Software Version: NA OCPP Backend Connection: Yes",3,ca500946-230b-f011-a81b-002248a12796.json
0415106_DC1,0415106,55f3f516-9896-4210-a8bd-d7b1454c8305,Xdc81P,MP / S3 170003355,DC1,DC1_CABLETEMPSENSOR_XD100,2025-03-26T08:38:37Z,ticket_created,2025-03-26T08:38:37Z,2025-03-26T08:38:37Z,,POSITIVE_HIGH,exact CableTempSensor fault code in title/description; sensor/troubleshooting evidence,,,,,,ID0415106-DC/Si-D/DK-[MP / S3 170003355] DC1_CableTempSensor_XD100 Issue,"Reported behavior/issue:
DC1_CableTempSensor_XD100 Issue
Root cause: DC1_CableTempSensor_XD100 Issue
Solution:
Cable replaced",DC1_CableTempSensor_XD100 Issue,Cable replaced,No,,,,No,,additional_info[0].body; additional_info[2].body; additional_info[2].subject; additional_info[5].subject; additional_info[6].subject; additional_info[8].subject; additional_info[9].subject; description; title,ID0415106-DC/Si-D/DK-[MP / S3 170003355] DC1_CableTempSensor_XD100 Issue Reported behavior/issue: DC1_CableTempSensor_XD100 Issue Root cause: DC1_CableTempSensor_XD100 Issue Solution: Cable replaced,9,55f3f516-9896-4210-a8bd-d7b1454c8305.json
0414755_DC1,0414755,f8963e24-d5c9-47e5-abd4-cf96cf079056,q4aeD3,"MP / R0 170002781,MP / R0 170002781",DC1,DC1_CABLETEMPSENSOR_XD100,2025-03-25T04:06:17Z,additional_info,2025-03-25T03:49:53Z,2025-03-25T04:06:17Z,,REVIEW,failure/error language,,,,,,ID0414527-DC/Si-D/DE-[MP / R0 170002781] charging cable defective (C1),"Reported behaviour/issue:
1 charging cable defective - ISO measurement failed",,,No,,,,No,,additional_info[1].body,"Handover note from NOC to L3. Problem Description: Cable defective Action Performed: Log analysis Charger SW Version: v6.0.3-0-g215cb74 Reason for Handover: As stated in the product issue sheet, this ticket is being forwarded to HQ Fault history: Charger was Out of Order due to DC1_CableTempSensor_XD100",1,f8963e24-d5c9-47e5-abd4-cf96cf079056.json
0414502_DC1,0414502,983f4c71-4e1d-49a1-b231-a980046d19aa,qntu3k,MP/SN170004220,DC1,DC1_CABLETEMPSENSOR_XD100,2025-03-24T07:53:29Z,ticket_created,2025-03-24T07:53:29Z,2025-03-24T07:53:29Z,,POSITIVE_HIGH,exact CableTempSensor fault code in title/description; failure/error language; sensor/troubleshooting evidence; completed repair/resolution evidence,,,,,Yes,ID0414502-DC/Si-D/DK[qntu3k] - DC1_CableTempSensor_XD100,"Reported behaviour/issue:
DC1_CableTempSensor_XD100
Root cause:
Readings = 0ºC º> faulty temperature sensor
Solution: Replace CCS cable",Readings = 0ºC º> faulty temperature sensor,Replace CCS cable,Yes,2025-03-28T10:09:07Z,"RE: ID0414502-DC/Si-D/DK[qntu3k] - DC1_CableTempSensor_XD100 CRM:00315002467 Went to the site and did the measurements. PT1000 sensors showed zero/unlimited ohm. No connection through the resistor. I replaced the cable and the charger is fully working again. With best regards, Rasmus Eksten Siemens A/S Denmark Smart Infrastructure eMobility - Denmark RC-DK SI E Borupvang 9 2750 Ballerup, Denmark mailto:rasmus.eksten@siemens.com www.linkedin.com/company/siemens www.siemens.com Siemens A/S. Headquarters: Borupvang 9, 2750 Ballerup, Denmark. Tel: +45 4477 4477 CVR-no. 16 99 30 85 Important notice: This e-mail and any attachment thereof contain corporate proprieta",,No,,additional_info[0].subject; additional_info[1].subject; additional_info[3].subject; additional_info[4].body; description; title,ID0414502-DC/Si-D/DK[qntu3k] - DC1_CableTempSensor_XD100 Reported behaviour/issue: DC1_CableTempSensor_XD100 Root cause: Readings = 0ºC º> faulty temperature sensor Solution: Replace CCS cable,6,983f4c71-4e1d-49a1-b231-a980046d19aa.json
0411636_DC2,0411636,8952d906-a1fd-ef11-bae3-6045bddf319c,Q2MW2c,Y2 / PN 312571675/19,DC2,DC2_CABLETEMPSENSOR_XD101,2025-03-11T15:41:40Z,additional_info,2025-03-10T11:15:55Z,2025-03-11T15:41:40Z,,REVIEW,diagnostic fault flags; sensor/troubleshooting evidence,,,,,,ID0411636-DC/Si-D/FR-[Q2MW2c] Transcations failing,"Reported behavior/issue:
Multiple transactions failing.
Root cause:
Solution:
On DAMEX Sanctioned List:
Warranty Status: Yes",Solution:,On DAMEX Sanctioned List:,No,,,KON:1; VIV:0; PLE:1,No,,additional_info[2].body; additional_info[3].body,Temperature sensor issue seen twice 2025-03-07T15:00:48.908042+00:00 sicharge-cp [local0:info] sicharge-cp-backend/3017a3da22f4[734]: PLC-Error-Flag 'DC2_CableTempSensor_XD101' changed from false - ('temperature sensors okay KON:1') to true - ('VIV:0 PLE:1 KON:1'),2,8952d906-a1fd-ef11-bae3-6045bddf319c.json
0411910_DC2,0411910,98aef1ff-5dfe-ef11-bae3-7c1e52faf3c6,ZFNwm9,MP / P9 170000903,DC2,DC2_CABLETEMPSENSOR_XD101,2025-03-11T09:48:43Z,ticket_created,2025-03-11T09:48:43Z,2025-03-11T09:48:43Z,,POSITIVE_HIGH,exact CableTempSensor fault code in title/description; completed repair/resolution evidence,,,,,,ID0411910-DC/Si-D/IL[170000903] - DC2_CableTempSensor_XD101,"Reported behaviour/issue:
DC2_CableTempSensor_XD101
Solution:
Loose wiring-> Issue has fixed",,Loose wiring-> Issue has fixed,Yes,,Reported behaviour/issue: DC2_CableTempSensor_XD101 Solution: Loose wiring-> Issue has fixed,,No,,additional_info[1].body; additional_info[1].subject; additional_info[2].subject; description; title,ID0411910-DC/Si-D/IL[170000903] - DC2_CableTempSensor_XD101 Reported behaviour/issue: DC2_CableTempSensor_XD101 Solution: Loose wiring-> Issue has fixed,5,98aef1ff-5dfe-ef11-bae3-7c1e52faf3c6.json
0410798_DC1,0410798,14f821c5-c3f9-ef11-bae2-7c1e5236e32d,m2MbzE,MP / R3 170001481,DC1,DC1_CABLETEMPSENSOR_XD100,2025-03-11T06:32:04Z,additional_info,2025-03-05T13:14:39Z,2025-03-11T06:32:04Z,,REVIEW,failure/error language; diagnostic fault flags,,,,,,ID0410798-DC/Si-D/DE-[MP / R3 170001481] Charging session interrupted,"Reported behavior/issue:
Charging power at the left charging point is always interrupted after a certain time and charging is not continued. Colleague charged from 11-15% and then charging was interrupted
Root cause:
session was stopped due to Cable
temperature sensor error
Solution:
Query answered, No response from customer.
On DAMEX Sanctioned List: no
Warranty Status: Active",session was stopped due to Cable temperature sensor error,"Query answered, No response from customer.",No,,,KON:1; VIV:0; PLE:1,No,,additional_info[6].body,"Analysis 2025-03-04, 16:36:15 2025-03-04T16:36:15.666678+00:00 sicharge-cp [local0:info] sicharge-cp-backend/2d5ffb3668b4[730]: PLC-Error-Flag 'DC1_CableTempSensor_XD100' changed from false - ('temperature sensors okay KON:1') to true - (' VIV:0 PLE:1 KON:1') VIV:0 → in case of an invalid sensor reading PLE:1→ in case of an plausibility error (temperature difference between +/- 25 deg C too high) KON:1: → in case the contact temperature sensors are not okay Charger cable temperature difference: 2025-03-04, 16:36:20 2025-03-04T16:36:20.191470+00:00 swcpu [user:debug] [4021] [CTD] |Outlet=DC1|CableName=EV-T2M4CC-DC| EventType=Error|Tdiff(degC)=15.7|",1,14f821c5-c3f9-ef11-bae2-7c1e5236e32d.json
0410696_DC2,0410696,007ec0d0-2d2f-4a29-b27b-74924a7b0f3c,hKzfTF,,DC2,DC2_CABLETEMPSENSOR_XD101,2025-03-05T09:27:26Z,ticket_created,2025-03-05T09:27:26Z,2025-03-05T09:27:26Z,,POSITIVE_MEDIUM,failure/error language; sensor/troubleshooting evidence,,,Yes,DUP_0001,Yes,ID0410469-DC/Si-D/EE-[hKzfTF] DC2 CableTempSensor error 51 times last 4 week (C1),"Reported behavior/issue:
Last 4 weeks there has been 164 charging session on DC2 cable and 51 times CableTempSensor failures and 31 times where the difference has been > 15 degree celsius.
Root cause:
Bad or damaged CCS2 cable. NOTE: CMS is in use.
Solution:
Open Ticket: No
Warranty Status: Active
Please DO NOT ADD MAIN ASSET BEFORE FINAL JUDGEMENT",Bad or damaged CCS2 cable. NOTE: CMS is in use.,Open Ticket: No,No,,,,No,,additional_info[3].body; additional_info[4].subject; additional_info[5].body; additional_info[8].subject; description; title,ID0410469-DC/Si-D/EE-[hKzfTF] DC2 CableTempSensor error 51 times last 4 week (C1) Reported behavior/issue: Last 4 weeks there has been 164 charging session on DC2 cable and 51 times CableTempSensor failures and 31 times where the difference has been > 15 degree celsius. Root cause: Bad or damaged CCS2 cable. NOTE: CMS is in use. Solution: Open Ticket: No Warranty Status: Active Please DO NOT ADD MAIN ASSET BEFORE FINAL JUDGEMENT,6,007ec0d0-2d2f-4a29-b27b-74924a7b0f3c.json
0409644_DC2,0409644,2c142c10-bbf7-4126-9ee3-18e7599a98b6,WeccII,"MP / S1 170003197,MP / S1 170003197",DC2,DC2_CABLETEMPSENSOR_XD101,2025-03-04T10:16:56Z,additional_info,2025-02-27T09:27:09Z,2025-03-04T10:16:56Z,,REVIEW,failure/error language; diagnostic fault flags,,,Yes,DUP_0005,Yes,ID0409175-DC/Si-D/SA-[MP / S1 170003197] Cable Temperature Error (C1),"Reported behavior/issue:
Cable Temperature Sensor it activated (
VIV:0 RNE:1 KON:1
)
Open Ticket:
No
Root cause:  Cable fault
Solution:  Cable replacement with new one
On DAMEX Sanctioned List:
Siemens Employee
Warranty Status
: Yes",Cable fault,Cable replacement with new one,No,,,VIV:0; RNE:1; KON:1,No,,additional_info[5].body; additional_info[7].body,Note to QM Particular Remarks Defective part name/MLFB 8EM5903-0AA02-6AA2 Component serial number 0010029541 Logs with marked error (CSV format preferred) SCB Logs: <<WeccII-logs (3).csv>> Active error flags before replacement PLC-Error-Flag 'DC2_CableTempSensor_XD101' changed from true - ('VIV:0 RNE:1 KON:1') Device-specific error code (if applicable) ('VIV:0 RNE:1 KON:1') Outcome of wiring checkup Wiring All Okay Commissioning checklist OK Commissioning date NA Field service report RC will Update Date of failure (see side note) 26/02/2025 Complementary information CP-to-ground Voltage reading (standby) - 12V Signs of corrosion (external) - No sign of corrosion on the contactor mating surface or external damage Note : Observed cable temperature varies,2,2c142c10-bbf7-4126-9ee3-18e7599a98b6.json
0410469_DC2,0410469,b9b1a4a5-8def-46cc-903a-9dec878ab1be,hKzfTF,MP / R2 170001450,DC2,DC2_CABLETEMPSENSOR_XD101,2025-03-04T10:16:32Z,ticket_created,2025-03-04T10:16:32Z,2025-03-04T10:16:32Z,,POSITIVE_MEDIUM,failure/error language,,,Yes,DUP_0001,Yes,ID0410469-DC/Si-D/EE-[hKzfTF] DC2 CableTempSensor error 51 times last 4 week,"Reported behavior/issue:
Last 4 weeks there has been 164 charging session on DC2 cable and 51 times CableTempSensor failures and 31 times where the difference has been > 15 degree celsius.
Root cause:
Bad or damaged CCS2 cable. NOTE: CMS is in use.
Solution:
Work done 3.4.2025 by Caverion Estonia
Open Ticket: No
Warranty Status: Active",Bad or damaged CCS2 cable. NOTE: CMS is in use.,Work done 3.4.2025 by Caverion Estonia Open Ticket: No,No,,,,No,,additional_info[13].subject; additional_info[14].subject; additional_info[3].body; additional_info[3].subject; additional_info[5].body; additional_info[6].body; additional_info[6].subject; additional_info[8].subject; additional_info[9].subject; description; title,ID0410469-DC/Si-D/EE-[hKzfTF] DC2 CableTempSensor error 51 times last 4 week Reported behavior/issue: Last 4 weeks there has been 164 charging session on DC2 cable and 51 times CableTempSensor failures and 31 times where the difference has been > 15 degree celsius. Root cause: Bad or damaged CCS2 cable. NOTE: CMS is in use. Solution: Work done 3.4.2025 by Caverion Estonia Open Ticket: No Warranty Status: Active,11,b9b1a4a5-8def-46cc-903a-9dec878ab1be.json
0410323_DC2,0410323,f1fa14e2-ad39-48d2-ae7a-dd9748cd1d7b,HfJX29,"Y2 / P0 312567479/10,Y2 / P0 312567479/10",DC2,DC2_CABLETEMPSENSOR_XD101,2025-03-03T17:03:48Z,additional_info,2025-03-03T16:59:47Z,2025-03-03T17:03:48Z,,REVIEW,diagnostic fault flags,,,,,,ID0410290-DC/Si-D/FR-[Y2 / P0 312567479/10] Tesla model X charging interrupted (C1),"Reported behavior/issue:
Tesla model X had his charge interrupted 3 times
Open Ticket:
No
Root cause:
Solution:
On DAMEX Sanctioned List:
No
Warranty Status:
Inactive (4/18/2024) Engie Charger",Solution:,On DAMEX Sanctioned List: No,No,,,KON:1; VIV:0; PLE:1,No,,additional_info[1].body; additional_info[2].body,"1st session: from 17:09 to 17:12 Session interrupted due to DC2_CableTempSensor_XD101 Sat, 01 Mar 2025 16:12:51 GMT 2025-03-01, 16:12:50 2025-03-01T16:12:50.661802+00:00 sicharge-cp [local0:info] sicharge-cp-backend/01c25c3ffe10[738]: PLC-Error-Flag 'DC2_CableTempSensor_XD101' changed from false - ('temperature sensors okay') to false - ('temperature sensors okay KON:1') Sat, 01 Mar 2025 16:12:53 GMT 2025-03-01, 16:12:53 2025-03-01T16:12:53.000000+00:00 secc [daemon:notice] SECC[818]: {""type"":""stop_charging"",""timestamp"":1740845573978,""chargerId"":""secc2300-03071"",""outlet"":""",2,f1fa14e2-ad39-48d2-ae7a-dd9748cd1d7b.json
0410190_DC2,0410190,0309c29b-824f-4ee2-a0eb-0f546a5dd3dc,JHrezS,"MP / R5 170001908,MP / R5 170001908",DC2,DC2_CABLETEMPSENSOR_XD101,2025-03-03T10:15:12Z,additional_info,2025-03-03T10:12:56Z,2025-03-03T10:15:12Z,,REVIEW,diagnostic fault flags,,,Yes,DUP_0002,Yes,ID0404379-DC/Si-D/AE-[MP / R5 170001908] Charging Session interrupted [C1],"Reported behaviour/issue: Multiple Charging Session getting interrupted after 2 minutes, OCCP reporting that the stop command is from the EVC.
Root cause:
Solution:
On DAMEX Sanctioned List: no
Warranty Status:06/21/2025
Existing case-0402308
Tesla model-3-→ 05:00hrs utc",Solution:,On DAMEX Sanctioned List: no,No,,,KON:1; VIV:0; PLE:1,No,,additional_info[1].body,"e logs in given timestamp-19/02, 04:09hrs (UTC)-->DC2 Charging Cable Sensor Validation Error---> Charging session interruption due to plausibility check on the temperature sensors inside the plug. This could be related to poor contact between the plug and car socket, which can cause one DC pin to reach a higher temperature than the other, especially during high-current sessions. 2025-02-19T04:11:18.397653+00:00 sicharge-cp [local0:info] sicharge-cp-backend/347f0452b778[737]: PLC-Error-Flag 'DC2_CableTempSensor_XD101' changed from false - ('temperature sensors okay') to false - ('temperature sensors okay KON:1') 2025-02-19T04:11:21.000000+00:00 secc [daemon:notice] SECC[847]: {""type"":""stop_charging"",""timestamp"":1739938281340,""chargerId"":""secc2300-07429"",""outlet"":""2"",""outletType"":""CCS"",""payload"":{""source"":""EV"",""user"":""internal""}} 2025-02-19T04:11:21.373132+00:00 swcpu [user:debug] [4021] [CSV] DC2: Charging Cable Sensor Plausibility Contact Temperatures: 48.8, 33.2 deg C 2025-02-19T04:11:21.400089+00:0",1,0309c29b-824f-4ee2-a0eb-0f546a5dd3dc.json
0409175_DC2,0409175,fd885354-7ef3-ef11-be1f-7c1e5236ec45,WeccII,MP / S1 170003197,DC2,DC2_CABLETEMPSENSOR_XD101,2025-02-25T14:15:11Z,additional_info,2025-02-25T13:42:18Z,2025-02-25T14:15:11Z,,REVIEW,failure/error language; diagnostic fault flags,,,Yes,DUP_0005,Yes,ID0409175-DC/Si-D/SA-[MP / S1 170003197] Cable Temperature Error,"Reported behavior/issue:
Cable Temperature Sensor it activated (
VIV:0 RNE:1 KON:1
)
Open Ticket:
No
Root cause:
Solution:
On DAMEX Sanctioned List:
Siemens Employee
Warranty Status
: Yes
Child case:
0409644",Solution:,On DAMEX Sanctioned List: Siemens Employee,No,,,VIV:0; RNE:1; KON:1,No,,additional_info[1].body,Active Error Flag DC2_CableTempSensor_XD101 PLC DEVICE true VIV:0 RNE:1 KON:1 false,1,fd885354-7ef3-ef11-be1f-7c1e5236ec45.json
0406643_DC2,0406643,a54da76d-16ea-ef11-9341-000d3a64bf7e,GMhtnQ,MP / R5 170001890,DC2,DC2_CABLETEMPSENSOR_XD101,2025-02-20T08:33:02Z,additional_info,2025-02-13T14:25:59Z,2025-02-20T08:33:02Z,,REVIEW,completed repair/resolution evidence,,,Yes,DUP_0012,Yes,ID0406643-DC/Si-D/DE-[MP / R5 170001890]LP02 not available(Outlet2),"Reported behaviour/issue: LP02 not available(Outlet2)
Root cause:
Solution:
On DAMEX Sanctioned List: no
Warranty Status: Active",Solution:,On DAMEX Sanctioned List: no,Yes,2025-02-20T08:33:02Z,"DC Queue (Level 2) to the eMobility RC-DE SI E Queue (Level 2) , due to one or more following reason (s): Reason Applicable Onsite Repair (Component Exchange) Onsite Troubleshooting x End Customer Communication Spare Part Ordering Performance monitoring by RC Note : In Last 2 Weeks the error"" DC2_CableTempSensor_XD101"" has appeared 7 time, Need to check the cable. Also as per previous ticket “0402339” which was created for same charger for same issue: Hello Mr Semiraut, I have just exchanged information with my colleague again and we assume that the error has actually been fixed now. In the course of this, I will have the ticket closed. In the unlikely event that the error occurs again, I would ask you to provide brief feedback and we will investigate the matter again. Best regards Sascha Theil. Kindly pick up the case using "" Pick "" option in the queue or manually using the "" Assign "" function from the eMobility RC-DE SI E Queue (Level 2) and work on it & document the activity (Logs/Field Service Report) and attach it",,No,,additional_info[6].body,"RE: ID0406643-DC/Si-D/DE-[MP / R5 170001890]LP02 not available(Outlet2) CRM:01251001248 Dear Team, I am writing to formally inform that we are moving case 0406643 ﻿from the eMobility DC Queue (Level 2) to the eMobility RC-DE SI E Queue (Level 2) , due to one or more following reason (s): Reason Applicable Onsite Repair (Component Exchange) Onsite Troubleshooting x End Customer Communication Spare Part Ordering Performance monitoring by RC Note : In Last 2 Weeks the error"" DC2_CableTempSensor_XD101"" has appeared 7 time, Need to check the cable. Also as per previous ticket “0402339” which was created for same charger for same issue: Hello Mr Semiraut, I have just exchanged information with my colleague again and we assume that the error has actually been fixed now. In the course of this, I will have the ticket closed. In the unlikely event that the error occurs again, I would ask you to provide brief feedback and we will investigate the matter again. Best regards Sascha Theil. Kindly",1,a54da76d-16ea-ef11-9341-000d3a64bf7e.json
0404379_DC2,0404379,456d7fb4-98e3-ef11-8eea-7c1e52378e9b,JHrezS,MP / R5 170001908,DC2,DC2_CABLETEMPSENSOR_XD101,2025-02-19T15:54:14Z,additional_info,2025-02-05T08:10:55Z,2025-02-19T15:54:14Z,,REVIEW,diagnostic fault flags,,,Yes,DUP_0002,Yes,ID0404379-DC/Si-D/AE-[MP / R5 170001908] Charging Session interrupted,"Reported behaviour/issue: Multiple Charging Session getting interrupted after 2 minutes, OCCP reporting that the stop command is from the EVC.
Root cause:
Solution:
On DAMEX Sanctioned List: no
Warranty Status:06/21/2025
Existing case-0402308
Tesla model-3-→ 05:00hrs utc",Solution:,On DAMEX Sanctioned List: no,No,,,KON:1; VIV:0; PLE:1,No,,additional_info[18].body,"e logs in given timestamp-19/02, 04:09hrs (UTC)-->DC2 Charging Cable Sensor Validation Error---> Charging session interruption due to plausibility check on the temperature sensors inside the plug. This could be related to poor contact between the plug and car socket, which can cause one DC pin to reach a higher temperature than the other, especially during high-current sessions. 2025-02-19T04:11:18.397653+00:00 sicharge-cp [local0:info] sicharge-cp-backend/347f0452b778[737]: PLC-Error-Flag 'DC2_CableTempSensor_XD101' changed from false - ('temperature sensors okay') to false - ('temperature sensors okay KON:1') 2025-02-19T04:11:21.000000+00:00 secc [daemon:notice] SECC[847]: {""type"":""stop_charging"",""timestamp"":1739938281340,""chargerId"":""secc2300-07429"",""outlet"":""2"",""outletType"":""CCS"",""payload"":{""source"":""EV"",""user"":""internal""}} 2025-02-19T04:11:21.373132+00:00 swcpu [user:debug] [4021] [CSV] DC2: Charging Cable Sensor Plausibility Contact Temperatures: 48.8, 33.2 deg C 2025-02-19T04:11:21.400089+00:0",1,456d7fb4-98e3-ef11-8eea-7c1e52378e9b.json
0407864_DC1,0407864,3fd27d8d-b3ee-ef11-a81c-6045bddfc085,OWlkix,MP / R0 170002824,DC1,DC1_CABLETEMPSENSOR_XD100,2025-02-19T11:20:42Z,ticket_created,2025-02-19T11:20:42Z,2025-02-19T11:20:42Z,,POSITIVE_HIGH,exact CableTempSensor fault code in title/description; failure/error language; completed repair/resolution evidence,,,,,,ID0407864-DC/Si-D/UK[170002824] - DC1_CableTempSensor_XD100,"Reported behaviour/issue:
All outlets out of order due to DC1_CableTempSensor_XD100 and DC2_CableTempSensor_XD101
Root cause:
Water ingress
Solution:
Replace CCS cables
Note to QM in timeline",Water ingress,Replace CCS cables Note to QM in timeline,Yes,2025-03-06T08:55:55Z,"hm XD16:8D to XD16:6D = 172 Ohm XD10:7B to XD10:5B = 237.5 Ohm XD10:8D to XD10:6D = 33.8 Ohm If the problem was not with the KF14 and the small parts (connectors/wirings → very unlikely), we checked for any signs of issues with the plug itself and we found that the cable was filled with water. (Video attached) As such, we proceed to replace 1 CCS to confirm if this was indeed the problem and after the replacement it was working properly. Then we replaced the 2nd plug and it was also working. Also, we left the new KF14 on the charger as you deemed unworthy to put back the old one. To be clear, since we didn't test the old one, it won't be elegible for warranty for now. Nevertheless you get to keep a spare KF14 in case you face any other issue related to the StateMonitor. Thank you very much for your time and dedication. Always a pleasure working with you guys. See you on the next ticket. Best regards, Francisco",,No,,additional_info[1].subject; additional_info[3].subject; additional_info[5].body; description; title,ID0407864-DC/Si-D/UK[170002824] - DC1_CableTempSensor_XD100 Reported behaviour/issue: All outlets out of order due to DC1_CableTempSensor_XD100 and DC2_CableTempSensor_XD101 Root cause: Water ingress Solution: Replace CCS cables Note to QM in timeline,5,3fd27d8d-b3ee-ef11-a81c-6045bddfc085.json
0407864_DC2,0407864,3fd27d8d-b3ee-ef11-a81c-6045bddfc085,OWlkix,MP / R0 170002824,DC2,DC2_CABLETEMPSENSOR_XD101,2025-02-19T11:20:42Z,ticket_created,2025-02-19T11:20:42Z,2025-02-19T11:20:42Z,,POSITIVE_HIGH,exact CableTempSensor fault code in title/description; failure/error language; completed repair/resolution evidence,,,,,,ID0407864-DC/Si-D/UK[170002824] - DC1_CableTempSensor_XD100,"Reported behaviour/issue:
All outlets out of order due to DC1_CableTempSensor_XD100 and DC2_CableTempSensor_XD101
Root cause:
Water ingress
Solution:
Replace CCS cables
Note to QM in timeline",Water ingress,Replace CCS cables Note to QM in timeline,Yes,2025-03-06T08:55:55Z,"hm XD16:8D to XD16:6D = 172 Ohm XD10:7B to XD10:5B = 237.5 Ohm XD10:8D to XD10:6D = 33.8 Ohm If the problem was not with the KF14 and the small parts (connectors/wirings → very unlikely), we checked for any signs of issues with the plug itself and we found that the cable was filled with water. (Video attached) As such, we proceed to replace 1 CCS to confirm if this was indeed the problem and after the replacement it was working properly. Then we replaced the 2nd plug and it was also working. Also, we left the new KF14 on the charger as you deemed unworthy to put back the old one. To be clear, since we didn't test the old one, it won't be elegible for warranty for now. Nevertheless you get to keep a spare KF14 in case you face any other issue related to the StateMonitor. Thank you very much for your time and dedication. Always a pleasure working with you guys. See you on the next ticket. Best regards, Francisco",,No,,additional_info[1].subject; additional_info[3].subject; additional_info[5].body; description; title,ID0407864-DC/Si-D/UK[170002824] - DC1_CableTempSensor_XD100 Reported behaviour/issue: All outlets out of order due to DC1_CableTempSensor_XD100 and DC2_CableTempSensor_XD101 Root cause: Water ingress Solution: Replace CCS cables Note to QM in timeline,5,3fd27d8d-b3ee-ef11-a81c-6045bddfc085.json
0407093_DC2,0407093,438b1342-d39d-4aa8-b634-c98279a7fa0b,cQKZW3,"MP / P1 170000128,MP / P1 170000128",DC2,DC2_CABLETEMPSENSOR_XD101,2025-02-17T05:02:17Z,ticket_created,2025-02-17T05:02:17Z,2025-02-17T05:02:17Z,,POSITIVE_HIGH,exact CableTempSensor fault code in title/description; diagnostic fault flags,,,Yes,DUP_0003,Yes,ID0406839-DC/Si-D/RO[170000128] - DC2_CableTempSensor_XD101-(C1),"Reported behaviour/issue:
Charging sessions aborted
Root cause:
DC2_CableTempSensor_XD101
Solution:
Notes: charger is out of warranty. First analysis and action items provided to the region.",DC2_CableTempSensor_XD101,Notes: charger is out of warranty. First analysis and action items provided to the region.,No,,,VIV:0; PLE:1; KON:1,No,,additional_info[0].body; additional_info[2].body; additional_info[2].subject; description; title,ID0406839-DC/Si-D/RO[170000128] - DC2_CableTempSensor_XD101-(C1) Reported behaviour/issue: Charging sessions aborted Root cause: DC2_CableTempSensor_XD101 Solution: Notes: charger is out of warranty. First analysis and action items provided to the region.,5,438b1342-d39d-4aa8-b634-c98279a7fa0b.json
0406839_DC2,0406839,05846af3-c577-43e2-b743-f2530efe9663,cQKZW3,MP / P1 170000128,DC2,DC2_CABLETEMPSENSOR_XD101,2025-02-14T10:57:24Z,ticket_created,2025-02-14T10:57:24Z,2025-02-14T10:57:24Z,,POSITIVE_HIGH,exact CableTempSensor fault code in title/description; diagnostic fault flags; completed repair/resolution evidence,,,Yes,DUP_0003,Yes,ID0406839-DC/Si-D/RO-[MP / P1 170000128] -DC2_CableTempSensor_XD101,"Reported behaviour/issue:
Charging sessions aborted
Root cause:
DC2_CableTempSensor_XD101
Solution:
On DAMEX Sanctioned List:
Siemens
Warranty Status:
Expired
BS: 02/17/2025-→Child case #0407093 created.",DC2_CableTempSensor_XD101,On DAMEX Sanctioned List: Siemens,Yes,2025-10-18T12:01:20Z,"RE: 0406839 - ID0406839-DC/Si-D/RO-[MP / P1 170000128] -DC2_CableTempSensor_XD101 CRM:00362000127 Hello Michele, Ticket can be closed. No follow-up actions pending. The issue was a fuse which we replaced with a copper bar and that fixed the charging issue. - Traian",VIV:0; PLE:1; KON:1,No,,additional_info[1].body; additional_info[1].subject; additional_info[2].body; additional_info[3].subject; additional_info[4].subject; additional_info[5].subject; additional_info[6].body; additional_info[6].subject; additional_info[7].subject; additional_info[8].subject; description; title,ID0406839-DC/Si-D/RO-[MP / P1 170000128] -DC2_CableTempSensor_XD101 Reported behaviour/issue: Charging sessions aborted Root cause: DC2_CableTempSensor_XD101 Solution: On DAMEX Sanctioned List: Siemens Warranty Status: Expired BS: 02/17/2025-→Child case #0407093 created.,12,05846af3-c577-43e2-b743-f2530efe9663.json
0406667_UNKNOWN,0406667,0c45b7fc-3042-48da-98dd-5c52d6c8cd84,acno33,MP / P8 170000824,,,2025-02-13T16:25:14Z,ticket_created,2025-02-13T16:25:14Z,2025-02-13T16:25:14Z,,POSITIVE_MEDIUM,completed repair/resolution evidence,,,,,,ID0406667-DC/Si-D/FI[acno33] - DC3 numerous CableTempSensor different exceedance,"Location:
Lahti Karisma.
Root cause:
DC3 has numerous CableTempSensor different exceedance last 4 week.
Solution:  DC3 cable replaced 26.2.2025",DC3 has numerous CableTempSensor different exceedance last 4 week.,DC3 cable replaced 26.2.2025,Yes,2025-02-13T20:59:15Z,"RE: ID0406667-DC/Si-D/FI[acno33] - DC3 numerous CableTempSensor different exceedance CRM:00645000964 Hi, DC3 ccs2 cable is original and has not been replaced yet. DC4 cable has been replaced 6month ago. DC3 cable has been in use around 1 year. Markus",,No,,additional_info[10].body; additional_info[10].subject; additional_info[4].body; additional_info[4].subject; additional_info[5].subject; additional_info[6].subject; additional_info[8].body; additional_info[8].subject; additional_info[9].body; description; title,ID0406667-DC/Si-D/FI[acno33] - DC3 numerous CableTempSensor different exceedance Location: Lahti Karisma. Root cause: DC3 has numerous CableTempSensor different exceedance last 4 week. Solution: DC3 cable replaced 26.2.2025,11,0c45b7fc-3042-48da-98dd-5c52d6c8cd84.json
0405870_DC2,0405870,7e1013aa-57e8-ef11-9342-6045bdde1b10,9w2G1G,MP / R9 170002764,DC2,DC2_CABLETEMPSENSOR_XD101,2025-02-11T16:23:26Z,additional_info,2025-02-11T09:07:54Z,2025-02-11T16:23:26Z,,REVIEW,CableTempSensor appears only in timeline content,,,,,,ID0405870-DC/Si-D/DE-[MP / R9 170002764] Outlet 2 unavailable,"Reported behavior/issue:
Outlet 2 unavailable
Root cause:
Solution:
On DAMEX Sanctioned List: No
Warranty Status:Active 11/1/2025",Solution:,On DAMEX Sanctioned List: No,No,,,,No,,additional_info[4].body,"L2-->L3: Suspected Root Cause: DC2_CableTempSensor_XD101 Problem Description: Outlet 2 unavailable Action Performed (L2): Performed reboot Charger SW Version: v6.0.3-0-g215cb74 Reason for Handover (L3 ): As per the product issue report, handing over the case to ES",1,7e1013aa-57e8-ef11-9342-6045bdde1b10.json
0403960_DC1,0403960,bf336155-3688-42b8-a0c1-bff9cfcb9a3e,qucoaa,Y2 / S0 313971733010,DC1,DC1_CABLETEMPSENSOR_XD100,2025-02-04T06:50:02Z,ticket_created,2025-02-04T06:50:02Z,2025-02-04T06:50:02Z,,POSITIVE_HIGH,exact CableTempSensor fault code in title/description; failure/error language; sensor/troubleshooting evidence; completed repair/resolution evidence,,,,,,ID0403960-DC/Si-D/TR-[Y2/S0 313971733010] DC1_CableTempSensor_XD100,"Reported behavior/issue:
There is “DC1_CableTempSensor_XD100” error. Outlet 1 is out of service.
Root cause:
Solution:
Replaced the cable with new one
On DAMEX Sanctioned List:
Warranty Status:
Active_19/11/2026",Solution: Replaced the cable with new one,Replaced the cable with new one,Yes,2025-02-18T11:43:51Z,"ID0403960-DC/Si-D/TR-[Y2/S0 313971733010] DC1_CableTempSensor_XD100 CRM:00642002044 Dear Mert Kanneci, Thanks for your support and patience, according to our records your issue/query has been resolved for case # 0403960, and the case is now closed. Problem Description : DC1_CableTempSensor_XD100 Resolution : Replaced the cable with new one If you need any further assistance, please do reach back out to us by submitting a new request at www.siemens.com/emobility-service-request Kindly note that email responses to closed tickets are not monitored. Thank you. With best regards, eMobility Tech Support Team - Mohini Patil Please do not change the subject of this Email when replying to it.",,No,,additional_info[3].body; additional_info[3].subject; additional_info[4].body; additional_info[4].subject; additional_info[5].subject; additional_info[6].body; additional_info[6].subject; additional_info[7].body; description; title,ID0403960-DC/Si-D/TR-[Y2/S0 313971733010] DC1_CableTempSensor_XD100 Reported behavior/issue: There is “DC1_CableTempSensor_XD100” error. Outlet 1 is out of service. Root cause: Solution: Replaced the cable with new one On DAMEX Sanctioned List: Warranty Status: Active_19/11/2026,10,bf336155-3688-42b8-a0c1-bff9cfcb9a3e.json
0403822_DC1,0403822,a7436695-31e2-ef11-8eea-000d3ab4d5d3,n7Khya,MP / R4 170001623,DC1,DC1_CABLETEMPSENSOR_XD100,2025-02-03T13:20:10Z,ticket_created,2025-02-03T13:20:10Z,2025-02-03T13:20:10Z,,POSITIVE_MEDIUM,exact CableTempSensor fault code in title/description,,,,,,ID0403822-DC/Si-D/BE-[MP / R4 170001623] DC1_CableTempSensor_XD100,"Reported behavior/issue:
DC1_CableTempSensor_XD100
Root cause: NA
Solution: Information provided
On DAMEX Sanctioned List: no
Warranty Status: 4/24/2025",NA,Information provided,No,,,,No,,additional_info[2].body; additional_info[3].body; additional_info[3].subject; additional_info[4].body; additional_info[4].subject; additional_info[5].body; additional_info[5].subject; additional_info[6].body; description; title,ID0403822-DC/Si-D/BE-[MP / R4 170001623] DC1_CableTempSensor_XD100 Reported behavior/issue: DC1_CableTempSensor_XD100 Root cause: NA Solution: Information provided On DAMEX Sanctioned List: no Warranty Status: 4/24/2025,10,a7436695-31e2-ef11-8eea-000d3ab4d5d3.json
0401695_UNKNOWN,0401695,a7dda22a-5ad9-ef11-8eea-000d3ab009dd,AU4zn6,MP / R1 170001368,,,2025-01-30T15:05:16Z,additional_info,2025-01-23T07:17:59Z,2025-01-30T15:05:16Z,,REVIEW,failure/error language,,,,,,ID0401695-DC/Si-D/PL - [AU4zn6] Commissioning support required,"Reported behavior/issue:
during commissiong indicate the two error flags of bender. On BC1 and BC2 so out was out of order. Now the charger is off becouse of reactive power. The client checked the connections as the charger is very far from our office. It appears to be ok. We also checked the bender configurations and their addresses.
Root cause:
Solution:
On DAMEX Sanctioned List: No
Warranty Status:
Active",Solution:,On DAMEX Sanctioned List: No,No,,,,No,,additional_info[8].body,After bootup the charger this is the active flags: DC2 CableTempSensor is toggling. FW v2.5.9,1,a7dda22a-5ad9-ef11-8eea-000d3ab009dd.json
0403039_DC1,0403039,e7bef1b8-96c4-4d9e-9574-e552bbd8fe12,rIfXFP,Y2 / S3 313586575004,DC1,DC1_CABLETEMPSENSOR_XD100,2025-01-30T07:52:31Z,ticket_created,2025-01-30T07:52:31Z,2025-01-30T07:52:31Z,,POSITIVE_HIGH,exact CableTempSensor fault code in title/description; failure/error language; diagnostic fault flags; completed repair/resolution evidence,,,,,,ID0403039-DC/Si-D/SE [Y2/S3 313586575004] DC1_CableTempSensor_XD100 Error,"Reported behavior/issue: DC1_CableTempSensor_XD100    PLC    DEVICE    true    VIV:0 RNE:1 KON:1
Root cause:
Solution:",Solution:,,Yes,2025-01-30T09:21:18Z,"/Serial No. : rIfXFP Problem Description : DC1_CableTempSensor_XD100 Troubleshooting : I checked your charger's outlet 1 and here is the graph of the resistance: As you can see there seems to be something wrong either with the temperature sensor or the connections to the StateMonitor. Please schedule a site visit and confirm the resistance from these points: If the values are indeed above expected the temperature sensor is broken and needs to be replaced (whole cable). If the readings are correct from XD10 until the StateMonitor then please try and use a non-used connector that you can find in the StateMonitor and swap it. If it still doesn't work we might have a faulty StateMonitor (unlikely since DC2 is working but you never know). I recommend you to replace components as you need. Please provide the evidence for the replacements. For future reference, your case number is 0403039 , please do refer to this in all further communication regarding this issue. We thank you for your time and patience in advance. With best regards, eMobility Tech Support Team - Francisco de Matos Joaquim Please do not change the subject of this",VIV:0; RNE:1; KON:1,No,,additional_info[2].body; additional_info[2].subject; additional_info[3].subject; description; title,ID0403039-DC/Si-D/SE [Y2/S3 313586575004] DC1_CableTempSensor_XD100 Error Reported behavior/issue: DC1_CableTempSensor_XD100 PLC DEVICE true VIV:0 RNE:1 KON:1 Root cause: Solution:,5,e7bef1b8-96c4-4d9e-9574-e552bbd8fe12.json
0402901_DC2,0402901,34bbeee1-42de-ef11-8ee9-002248a0b76d,iHgpI3,MP / PD 170001325,DC2,DC2_CABLETEMPSENSOR_XD101,2025-01-29T13:14:02Z,ticket_created,2025-01-29T13:14:02Z,2025-01-29T13:14:02Z,,POSITIVE_HIGH,exact CableTempSensor fault code in title/description; failure/error language; completed repair/resolution evidence,,,,,,ID0402901-DC/Si-D/BE-[MP / PD 170001325]- Outlets Out of Order,"Reported behavior/issue:  Outlet's Out of Order
Root cause:
DC2_CableTempSensor_XD101
Solution:
On DAMEX Sanctioned List:
Warranty Status: Valid till 10 Feb 2025",DC2_CableTempSensor_XD101,On DAMEX Sanctioned List:,Yes,2025-02-18T11:20:41Z,"RE: ID0402901-DC/Si-D/BE-[MP / PD 170001325]- issue with both plugs CRM:01282000801 Good afternoon, The cable was replaced, but the problem was not solved. Could you do a technical analysis? Kind regards, Monica Iovine Heliox Service Department support@heliox-energy.com",,No,,description,ID0402901-DC/Si-D/BE-[MP / PD 170001325]- Outlets Out of Order Reported behavior/issue: Outlet's Out of Order Root cause: DC2_CableTempSensor_XD101 Solution: On DAMEX Sanctioned List: Warranty Status: Valid till 10 Feb 2025,1,34bbeee1-42de-ef11-8ee9-002248a0b76d.json
0402796_DC1,0402796,63ab38ad-afd4-4b57-9884-a8f255d42a48,gCL8GH,MP / R5 170001802,DC1,DC1_CABLETEMPSENSOR_XD100,2025-01-29T09:34:22Z,ticket_created,2025-01-29T09:34:22Z,2025-01-29T09:34:22Z,,POSITIVE_MEDIUM,failure/error language; diagnostic fault flags,,,,,,ID0402796-DC/Si-D/DK-[gCL8GH] PLC-Error-Flag CableTempSensor error,"Reported behavior/issue:
PLC-Error-Flag CableTempSensor error
Root cause:
Solution:
On DAMEX Sanctioned List:  Siemens Employee
Warranty Status: Active",Solution:,On DAMEX Sanctioned List: Siemens Employee,No,,,VIV:0; PLE:1; KON:1,No,,additional_info[10].subject; additional_info[4].body; additional_info[5].body; additional_info[8].body; additional_info[8].subject; description; title,ID0402796-DC/Si-D/DK-[gCL8GH] PLC-Error-Flag CableTempSensor error Reported behavior/issue: PLC-Error-Flag CableTempSensor error Root cause: Solution: On DAMEX Sanctioned List: Siemens Employee Warranty Status: Active,7,63ab38ad-afd4-4b57-9884-a8f255d42a48.json
0402796_DC2,0402796,63ab38ad-afd4-4b57-9884-a8f255d42a48,gCL8GH,MP / R5 170001802,DC2,DC2_CABLETEMPSENSOR_XD101,2025-01-29T09:34:22Z,ticket_created,2025-01-29T09:34:22Z,2025-01-29T09:34:22Z,,POSITIVE_MEDIUM,failure/error language; diagnostic fault flags,,,,,,ID0402796-DC/Si-D/DK-[gCL8GH] PLC-Error-Flag CableTempSensor error,"Reported behavior/issue:
PLC-Error-Flag CableTempSensor error
Root cause:
Solution:
On DAMEX Sanctioned List:  Siemens Employee
Warranty Status: Active",Solution:,On DAMEX Sanctioned List: Siemens Employee,No,,,VIV:0; PLE:1; KON:1,No,,additional_info[10].subject; additional_info[4].body; additional_info[5].body; additional_info[8].body; additional_info[8].subject; description; title,ID0402796-DC/Si-D/DK-[gCL8GH] PLC-Error-Flag CableTempSensor error Reported behavior/issue: PLC-Error-Flag CableTempSensor error Root cause: Solution: On DAMEX Sanctioned List: Siemens Employee Warranty Status: Active,7,63ab38ad-afd4-4b57-9884-a8f255d42a48.json
0402339_DC2,0402339,e00843ac-aedc-ef11-8eea-000d3ab009dd,GMhtnQ,MP / R5 170001890,DC2,DC2_CABLETEMPSENSOR_XD101,2025-01-27T13:00:30Z,ticket_created,2025-01-27T13:00:30Z,2025-01-27T13:00:30Z,,POSITIVE_HIGH,exact CableTempSensor fault code in title/description; failure/error language,,,Yes,DUP_0012,Yes,ID0402339-DC/Si-D/DE[170001890] - Outlet 2 unavailability,"Reported behaviour/issue:
Charging point 2 changes to Unavailable every few minutes.
Root cause:
DC2_CableTempSensor_XD101
Solution:
No active error flag now
On DAMEX Sanctioned List:
No
Warranty Status:
Active",DC2_CableTempSensor_XD101,No active error flag now,No,,,,No,,additional_info[4].body; description,ID0402339-DC/Si-D/DE[170001890] - Outlet 2 unavailability Reported behaviour/issue: Charging point 2 changes to Unavailable every few minutes. Root cause: DC2_CableTempSensor_XD101 Solution: No active error flag now On DAMEX Sanctioned List: No Warranty Status: Active,2,e00843ac-aedc-ef11-8eea-000d3ab009dd.json
0402279_DC1,0402279,82f8c079-96dc-ef11-8ee9-002248a0b76d,mtdGiB,Y2 / PN 312562229/05,DC1,DC1_CABLETEMPSENSOR_XD100,2025-01-27T10:07:20Z,ticket_created,2025-01-27T10:07:20Z,2025-01-27T10:07:20Z,,POSITIVE_HIGH,exact CableTempSensor fault code in title/description; failure/error language; completed repair/resolution evidence,,,,,,ID0402279-DC/SI-D/FR[mtdGiB] - DC1_CableTempSensor_XD100,"Reported behaviour/issue:
DC1_CableTempSensor_XD100
Root cause:
Possible cable faulty
Solution:
On DAMEX Sanctioned List:
No
Warranty Status:
Expired",Possible cable faulty,On DAMEX Sanctioned List: No,Yes,2025-02-12T12:23:59Z,"Hello, The defective cable has been replaced, and the charging station is now fully operational. This ticket will therefore be closed. Best regards, Ramdane",,No,,additional_info[2].body; additional_info[2].subject; additional_info[3].body; additional_info[3].subject; description; title,ID0402279-DC/SI-D/FR[mtdGiB] - DC1_CableTempSensor_XD100 Reported behaviour/issue: DC1_CableTempSensor_XD100 Root cause: Possible cable faulty Solution: On DAMEX Sanctioned List: No Warranty Status: Expired,6,82f8c079-96dc-ef11-8ee9-002248a0b76d.json
0400690_DC2,0400690,9826aed7-d2d4-ef11-8ee9-002248a2b1bd,cxGiFJ,MP / N8 160355321,DC2,DC2_CABLETEMPSENSOR_XD101,2025-01-17T15:55:40Z,additional_info,2025-01-17T12:59:18Z,2025-01-17T15:55:40Z,,REVIEW,failure/error language; completed repair/resolution evidence,,,,,Yes,ID0400690-DC/Si-D/DE-[cxGiFJ] ECoG Issue,"Reported behavior/issue:
ECoG Issue
Root cause:
Solution:
the ecog device was fixed by Benjamin and Ankit from Ecog.
On DAMEX Sanctioned List: Siemens Employee
Warranty Status: Expired
Update of the main SECC failed permanently during update from 5.023 to 6.0.3. Benjamin Biedermann checked already the situation and the SECC has a failure which needs to be handled by Ecog. An onsite task is required for repair.
Note from L3:
Please close the ticket.",Solution: the ecog device was fixed by Benjamin and Ankit from Ecog.,the ecog device was fixed by Benjamin and Ankit from Ecog.,Yes,2025-02-01T06:01:30Z,"ID0400690-DC/Si-D/DE-[cxGiFJ] ECoG Issue CRM:00796001271 Dear Ingo Oldenburg, Thanks for your support and patience, according to our records your issue/query has been resolved for case # 0400690, and the case is now closed. Problem Description : ECoG Issue Resolution : ECoG is fixed by the concern team. If you need any further assistance, please do reach back out to us by submitting a new request at www.siemens.com/emobility-service-request Kindly note that email responses to closed tickets are not monitored. Thank you. With best regards, eMobility Tech Support Team - Kaushik Kumar Please do not change the subject of this Email when replying to it.",,No,,additional_info[2].body; additional_info[3].body,"out to eMobility Support. My name is Giridhar , and I will be assisting you with your following query today: Product : Sicharge D - Charging Center Main Asset : MP / N8 160355321 ChargerID/Serial No. : cxGiFJ Problem Description : ECoG Issue Ingo, Upon investigation, We see this is new ticket (4th) created for same charger and similar issue. Prior 3 cases are as follows: ID0399333-DC/Si-D/DE-[MP / N8 160355321] permanent Charging attempts after 100% ID0392218-DC/Si-D/DE-[MP / N8 160355321] DC2_CableTempSensor_XD101 Issue ID0376659-DC/Si-D/DE[160355321] - Charging Session interruptions Do let us know, what you expect from the new case. Is it for the separate documentation? or shall we close this as duplicate? For future reference, your case number is 0400690 , please do refer to this in all further communication regarding this issue. We thank you for your time and patience in advance. Thank and Best Regards, eMobility Tech Support Team - Giridhar ""Gary"" Please do not change the subject of this Email",2,9826aed7-d2d4-ef11-8ee9-002248a2b1bd.json
0400633_DC1,0400633,9b6a134b-74e9-4bb0-bb15-cc567527b063,DViUun,MP / S3 170003388,DC1,DC1_CABLETEMPSENSOR_XD100,2025-01-17T10:03:11Z,ticket_created,2025-01-17T10:03:11Z,2025-01-17T10:03:11Z,,POSITIVE_MEDIUM,exact CableTempSensor fault code in title/description; failure/error language; other DC faults also present,,,,,,ID0400633-DC/Si-D/DK[170003388] - DC1_CableTempSensor_XD100,"Reported behaviour/issue:
DC1_CableTempeSensorError_XD100
Root cause:
CCS cable faulty (temperature sensor), Sensor1 has 491kOhm while Sensor2 has 1kOhm
Solution:
Replace CCS
On DAMEX Sanctioned List:
Siemens
Warranty Status:
Active","CCS cable faulty (temperature sensor), Sensor1 has 491kOhm while Sensor2 has 1kOhm",Replace CCS,No,,,,Yes,DC1_CABLETEMPESENSORERROR_XD100,additional_info[2].body; additional_info[2].subject; additional_info[3].subject; title,"ID0400633-DC/Si-D/DK[170003388] - DC1_CableTempSensor_XD100 Reported behaviour/issue: DC1_CableTempeSensorError_XD100 Root cause: CCS cable faulty (temperature sensor), Sensor1 has 491kOhm while Sensor2 has 1kOhm Solution: Replace CCS On DAMEX Sanctioned List: Siemens Warranty Status: Active",4,9b6a134b-74e9-4bb0-bb15-cc567527b063.json
0398322_DC1,0398322,09b69e47-c4cc-ef11-b8e9-7c1e5235e725,4HIbKg,MP / R6 170002001,DC1,DC1_CABLETEMPSENSOR_XD100,2025-01-13T16:02:39Z,additional_info,2025-01-07T06:54:53Z,2025-01-13T16:02:39Z,,REVIEW,failure/error language; diagnostic fault flags; sensor/troubleshooting evidence,,,,,,ID0398322-DC/Si-D/FR-[4HIbKg]- Multiple chargers outlet out of order,"Reported behavior/issue:
Recurring Issue on Multiple Charging Stations (outlet out of order)
Root cause:
Solution:
No response from customer
On DAMEX Sanctioned List:
Warranty Status:
Active",Solution: No response from customer,No response from customer,No,,,KON:1; VIV:0; PLE:1,No,,additional_info[13].body; additional_info[14].body,"in the sessions that customer provided: First session: ( 01/09/2025 10:20:21 - 01/09/2025 10:26:41) 2025-01-09T09:26:33.834995+00:00 swcpu [user:debug] [4021] [CSV] DC1: Charging Cable Sensor Plausibility Contact Temperatures: 59.3, 44.2 deg C 2025-01-09T09:26:33.853135+00:00 swcpu [user:debug] [4021] [CSV] DC1: Charging Cable Sensor Validation Error, see other logs for details 2025-01-09T09:26:33.864976+00:00 sicharge-cp [local0:info] sicharge-cp-backend/57e00f9731dd[734]: PLC-Error-Flag 'DC1_CableTempSensor_XD100' changed from false - ('temperature sensors okay KON:1') to true - ('VIV:0 PLE:1 KON:1') 2025-01-09T09:26:40.671748+00:00 sicharge-cp [local0:info] ecog-secc-adapter/018f37e21c46[734]: {""type"":""session_stop"",""timestamp"":1736414801522,""chargerId"":""secc2300-08648"",""outlet"":""1"",""outletType"":""CCS"",""payload"":{""unexpected"":false,""source"":""EV"",""start"":1736414376778,""duration"":377,""energy"":22124,""user"":""internal"",""EVCCID"":""0016810ed578"",""EVMAC"":""00.16.81.0e.d5.78""}} Session stop Source: EV Second",2,09b69e47-c4cc-ef11-b8e9-7c1e5235e725.json
0399323_DC1,0399323,7bdaae62-7356-4a2e-86cd-9296fb5bc204,qntu3k,MP / SN 170004220,DC1,DC1_CABLETEMPSENSOR_XD100,2025-01-10T16:18:18Z,additional_info,2025-01-10T14:45:48Z,2025-01-10T16:18:18Z,,REVIEW,failure/error language; diagnostic fault flags; sensor/troubleshooting evidence; other DC faults also present,,,,,Yes,ID0399323-DC/Si-D/DK[qntu3k] - Uno-X test charger DC1 cable OoO due to cable temperature error,"Reported behaviour/issue:
DC1_CableTempeSensorError_XD100
Root cause:
CCS cable faulty (temperature sensor)
Solution:
Replace CCS
On DAMEX Sanctioned List:
Siemens
Warranty Status:
Active
Outlet DC1 is out of order due to cable temperature error. We checked all wirings from EcoG → charging cable terminal block and the PT1000 (Blue - Orange) resistance value was changing between 500 ohm - 1500Mohm. We tested another sensor and another cable sensors and values were solid 1008ohm while ambient temperature were around 0 degree celcius.
New ccs2 cable will be ordered and just in case also -KF14.",CCS cable faulty (temperature sensor),Replace CCS,No,,,VIV:0; RNE:1; KON:1,Yes,DC1_CABLETEMPESENSORERROR_XD100,additional_info[3].body; additional_info[4].body,"ID0399323-DC/Si-D/DK[qntu3k] - Uno-X test charger DC1 cable OoO due to cable temperature error CRM:00315002244 Dear Markus & Rasmus, Thank you for reaching out to eMobility Support. My name is Francisco , and I will be assisting you with your following query today: Product : Sicharge D - Charging Center Main Asset : MP / SN 170004220 ChargerID/Serial No. : qntu3k Problem Description : DC1_CableTempSensor_XD100 Troubleshooting : We already performed the measurements and from the cable it has a very big fluctuation in P2 from MOhm to Ohms, it's clear that the temperature sensor is faulty and needs replacement. From the EcoG we could see one part of sensor had 1kOhm = good but the other had 0 ohm = impossible. I will send this ticket to RC-DK queue for the replacement. For future reference, your case number is 0399323 , please do refer to this in all further communication regarding this issue. We",2,7bdaae62-7356-4a2e-86cd-9296fb5bc204.json
0398542_DC2,0398542,d2951a9e-39cd-ef11-8ee9-002248a14b59,REV5ab,Y2 / R3 313020197005,DC2,DC2_CABLETEMPSENSOR_XD101,2025-01-07T20:54:50Z,ticket_created,2025-01-07T20:54:50Z,2025-01-07T20:54:50Z,,POSITIVE_HIGH,exact CableTempSensor fault code in title/description; sensor/troubleshooting evidence,,,,,Yes,ID0398542-DC/Si-D/BR-[Y2 / R3 313020197005] DC2_CableTempSensor_XD101,"Reported behavior/issue:
Connector unavailable
Root cause: DC2_CableTempSensor_XD101
Solution: Replace CCS cable
Warranty Status: 6/18/2025
Update 18/2: CCS ordered
Update 18/March/2025: CCS was replaced by RC sometime ago. They measured the resistance and it was off limits of the ~1kOhm. He hasn't provided the photos, they are missing",DC2_CableTempSensor_XD101,Replace CCS cable,No,,,,No,,additional_info[12].body; description; title,"ID0398542-DC/Si-D/BR-[Y2 / R3 313020197005] DC2_CableTempSensor_XD101 Reported behavior/issue: Connector unavailable Root cause: DC2_CableTempSensor_XD101 Solution: Replace CCS cable Warranty Status: 6/18/2025 Update 18/2: CCS ordered Update 18/March/2025: CCS was replaced by RC sometime ago. They measured the resistance and it was off limits of the ~1kOhm. He hasn't provided the photos, they are missing",3,d2951a9e-39cd-ef11-8ee9-002248a14b59.json
0398542_DC1,0398542,d2951a9e-39cd-ef11-8ee9-002248a14b59,REV5ab,Y2 / R3 313020197005,DC1,DC1_CABLETEMPSENSOR_XD100,2025-01-07T20:54:50Z,ticket_created,2025-01-07T20:54:50Z,2025-01-07T20:54:50Z,,POSITIVE_HIGH,exact CableTempSensor fault code in title/description; sensor/troubleshooting evidence,,,,,,ID0398542-DC/Si-D/BR-[Y2 / R3 313020197005] DC2_CableTempSensor_XD101,"Reported behavior/issue:
Connector unavailable
Root cause: DC2_CableTempSensor_XD101
Solution: Replace CCS cable
Warranty Status: 6/18/2025
Update 18/2: CCS ordered
Update 18/March/2025: CCS was replaced by RC sometime ago. They measured the resistance and it was off limits of the ~1kOhm. He hasn't provided the photos, they are missing",DC2_CableTempSensor_XD101,Replace CCS cable,No,,,,No,,additional_info[12].body; description; title,"ID0398542-DC/Si-D/BR-[Y2 / R3 313020197005] DC2_CableTempSensor_XD101 Reported behavior/issue: Connector unavailable Root cause: DC2_CableTempSensor_XD101 Solution: Replace CCS cable Warranty Status: 6/18/2025 Update 18/2: CCS ordered Update 18/March/2025: CCS was replaced by RC sometime ago. They measured the resistance and it was off limits of the ~1kOhm. He hasn't provided the photos, they are missing",3,d2951a9e-39cd-ef11-8ee9-002248a14b59.json
0397111_DC2,0397111,c1481455-0bcf-467b-9f05-b080f42f4ff3,1DDrI4,Y2 / R3 313065117155,DC2,DC2_CABLETEMPSENSOR_XD101,2024-12-23T19:47:04Z,ticket_created,2024-12-23T19:47:04Z,2024-12-23T19:47:04Z,,POSITIVE_HIGH,exact CableTempSensor fault code in title/description; failure/error language; diagnostic fault flags; sensor/troubleshooting evidence,,,,,,ID0397111-DC/Si-D/TR-[Y2 / R3 313065117155] DC2_CableTempSensor_XD101,"Reported behavior/issue:
There is “DC2_CableTempSensor_XD101” error
Root cause: Cable temperature sensor
Solution: Cable replaced
On DAMEX Sanctioned List: No
Warranty Status:Not mentioned
Outlet-2 is out of service (VIV:0 RNE:1 KON:1)",Cable temperature sensor,Cable replaced,No,,,VIV:0; RNE:1; KON:1,No,,additional_info[3].body; additional_info[3].subject; additional_info[4].body; additional_info[4].subject; additional_info[5].subject; additional_info[8].body; additional_info[8].subject; additional_info[9].body; description; title,ID0397111-DC/Si-D/TR-[Y2 / R3 313065117155] DC2_CableTempSensor_XD101 Reported behavior/issue: There is “DC2_CableTempSensor_XD101” error Root cause: Cable temperature sensor Solution: Cable replaced On DAMEX Sanctioned List: No Warranty Status:Not mentioned Outlet-2 is out of service (VIV:0 RNE:1 KON:1),10,c1481455-0bcf-467b-9f05-b080f42f4ff3.json
0396994_DC2,0396994,7695360a-07c1-ef11-b8e8-000d3ab009dd,fq2t11,MP / R9 170002723,DC2,DC2_CABLETEMPSENSOR_XD101,2024-12-23T10:08:18Z,additional_info,2024-12-23T08:22:34Z,2024-12-23T10:08:18Z,,REVIEW,failure/error language; diagnostic fault flags; completed repair/resolution evidence,,,,,,ID0396994-DC/Si-D/IT-[MP / R9 170002723] CCS Cable Replacement,"Reported behavior/issue:
CABLE CCS REPLACEMENT, assign to Joao Francisco
Open Ticket:
No
Root cause:
CCS cable was faulty
Solution:
CCS cable was replaced
On DAMEX Sanctioned List:
Siemens Employee
Warranty Status:
Active (10/25/2025)",CCS cable was faulty,CCS cable was replaced,Yes,2025-01-21T11:40:54Z,"Good morning, CCS cable was replaced Now it's possibile to close the ticket Have a nice day, Giuseppe",VIV:0; RNE:1; KON:1,No,,additional_info[3].body,"Active Error Flag DC2_CableTempSensor_XD101 PLC DEVICE true VIV:0 RNE:1 KON:1 false Outlet_DC1_codes PLC INFO true DC1 Outlet not ready - standby insulation monitor state is n false Outlet_DC2_codes PLC INFO true DC2 Outlet not ready - charging cable temperature sensor err false outlet1 sicharge-cp OUTLET true Outlet 1: outoforder, LEMState: Unavailable false outlet2 sicharge-cp OUTLET true Outlet 2: outoforder, LEMState: Unavailable false",1,7695360a-07c1-ef11-b8e8-000d3ab009dd.json
0397009_DC2,0397009,500f9506-0bc1-ef11-b8e8-000d3ab41b62,oFtBFH,Y2 / S6 313724839003,DC2,DC2_CABLETEMPSENSOR_XD101; DC2_CABLETEMPSENSOR,2024-12-23T08:51:02Z,ticket_created,2024-12-23T08:51:02Z,2024-12-23T08:51:02Z,,POSITIVE_MEDIUM,exact CableTempSensor fault code in title/description,,,,,,ID0397009-DC/Si-D/CZ[313724839003] - Charging errors,"Reported behaviour/issue:
HVT_TF2
DC2_CableTempSensor_XD101
Root cause:
Possibly 24V input or  <2V output
Solution:
On DAMEX Sanctioned List:
Siemens
Warranty Status:
Active",Possibly 24V input or <2V output,On DAMEX Sanctioned List: Siemens,No,,,,No,,additional_info[2].body; additional_info[2].subject; description,ID0397009-DC/Si-D/CZ[313724839003] - Charging errors Reported behaviour/issue: HVT_TF2 DC2_CableTempSensor_XD101 Root cause: Possibly 24V input or <2V output Solution: On DAMEX Sanctioned List: Siemens Warranty Status: Active,3,500f9506-0bc1-ef11-b8e8-000d3ab41b62.json
0396348_DC2,0396348,13487bf5-47bd-ef11-b8e8-7c1e5235d017,YKGwB5,MP / R9 170002580,DC2,DC2_CABLETEMPSENSOR_XD101,2024-12-19T14:35:10Z,additional_info,2024-12-18T13:57:13Z,2024-12-19T14:35:10Z,,REVIEW,CableTempSensor appears only in timeline content,,,,,,ID0396348-DC/Si-D/UA-[MP / R9 170002580] Termination of  charging session (C1),"Reported behavior/issue:
Root cause:
Solution:
On DAMEX Sanctioned List: No
Warranty Status
(Factory warranty)
: Active
L2-->L3: 12/19/2024",Solution:,On DAMEX Sanctioned List: No Warranty Status (Factory warranty) : Active L2-->L3: 12/19/2024,No,,,,No,,additional_info[4].body,L2-->L3: Suspected Root Cause: DC2_CableTempSensor_XD101 Problem Description: Termination of charging session Action Performed (L2): Log Analysis Charger SW Version: v4.0.11-0-g0b7d164+SF-RETOPICS Reason for Handover (L3 ): Need further analysis,1,13487bf5-47bd-ef11-b8e8-7c1e5235d017.json
0395279_DC1,0395279,9fdcc5df-aa6a-4103-91df-511a569fe628,V6nFZ1,MP / R2 170001449,DC1,DC1_CABLETEMPSENSOR_XD100,2024-12-12T17:49:21Z,additional_info,2024-12-12T13:41:13Z,2024-12-12T17:49:21Z,,MENTION_ONLY,CableTempSensor appears only in generic/Knowledge Article context,,,,,,ID0395279-DC/Si-D/FI-[MP / R2 170001449]-Unable to charge with either outlet,"Reported behavior/issue:
Unable to charge with either outlet
Root cause:
Solution:
On DAMEX Sanctioned List: No
Warranty Status:3/21/2025_Active",Solution:,On DAMEX Sanctioned List: No,No,,,VIV:0; RNE:1; PLE:0; SOV:0; KON:1,No,,additional_info[3].body; additional_info[5].body,"irings and connections as per the schematics, and replace the Ethernet cable if necessary. If the issue persists after performing these steps, we suggest proceeding with replacing the SECC2300.and keep in mind that please carry the spare of SECC 2300 and ethernet cable in case replacement is needed. Kindly refer the below AWS logs where we can see error: ""Error polling coap://10.20.17.100:5683/state Error: No reply in 4.25s. Upon reviewing the logs on SCB, I've detected anomalies related to the CableTempSensor error of the DC1 cable. This error has recurred 2 times since week. Therefore, we suggest examining the cable temperature sensor of outlet DC1 and, if necessary, replacing the cable. Kindly refer mentioned steps to be followed to trouble shoot the fault which is leading to this error flags. Step 1: Turn off the power supply to the charger. Step 2: Identify the cables P1, P2, N1 & N2 associated to Pt1000 refer below picture for your ref. Step 3: Check the ambient temperature and note it, then us",2,9fdcc5df-aa6a-4103-91df-511a569fe628.json
0394456_DC2,0394456,90a46bab-b5ed-453b-b637-1889482b8d8d,HHSCSk,Y2 / S3 300000004078,DC2,DC2_CABLETEMPSENSOR_XD101,2024-12-09T12:59:50Z,ticket_created,2024-12-09T12:59:50Z,2024-12-09T12:59:50Z,,POSITIVE_HIGH,exact CableTempSensor fault code in title/description; failure/error language; diagnostic fault flags,,,,,,ID0394456-DC/Si-D/TR-[Y2/S3 300000004078] DC2_CableTempSensor_XD101,"Reported behavior/issue:
There is “DC2_CableTempSensor_XD101” error. Outlet 2 is out of service.
Open Ticket:
No
Root cause: NA ( The faulted connector is brand new and no charging sessions were carries out )
Solution:  Connector replacement
On DAMEX Sanctioned List:
Siemens Employee
Warranty Status:
Active (10/22/2026)
Note to QM [ 14/01/2024]
Notes from ES to NOC [ 14/01/2024]",NA ( The faulted connector is brand new and no charging sessions were carries out ),Connector replacement,No,,,VIV:0; RNE:1; PLE:0; SOV:0; KON:1,No,,additional_info[10].subject; additional_info[14].subject; additional_info[15].body; additional_info[16].body; additional_info[17].body; additional_info[17].subject; additional_info[19].body; additional_info[20].subject; additional_info[21].subject; additional_info[5].body; additional_info[6].body; additional_info[6].subject; additional_info[7].body; additional_info[8].body; description; title,ID0394456-DC/Si-D/TR-[Y2/S3 300000004078] DC2_CableTempSensor_XD101 Reported behavior/issue: There is “DC2_CableTempSensor_XD101” error. Outlet 2 is out of service. Open Ticket: No Root cause: NA ( The faulted connector is brand new and no charging sessions were carries out ) Solution: Connector replacement On DAMEX Sanctioned List: Siemens Employee Warranty Status: Active (10/22/2026) Note to QM [ 14/01/2024] Notes from ES to NOC [ 14/01/2024],16,90a46bab-b5ed-453b-b637-1889482b8d8d.json
0393915_UNKNOWN,0393915,bf5845ad-1fb3-ef11-b8e8-000d3a68cce9,xgesXO & VqE7xu,MP / R7 170002200,,,2024-12-06T08:36:50Z,additional_info,2024-12-05T15:43:34Z,2024-12-06T08:36:50Z,,REVIEW,failure/error language; sensor/troubleshooting evidence; completed repair/resolution evidence,,,,,,ID0393915-DC/Si-D/CH[170002200] - DC4 is not working,"Reported behaviour/issue:
DC4 not working
Root cause:
Misconfiguration, SECC had wrong IP and Modbus port
Solution:
Change modbus port and DC4 ECOG IP address to the correct ones
On DAMEX Sanctioned List:
Siemens
Warranty Status:
Active
NOTE TO WARRANTY MANAGER: It seems that the RCs miscomissioned the dispenser which had the wrong config, so we replaced components that were not necessary.","Misconfiguration, SECC had wrong IP and Modbus port",Change modbus port and DC4 ECOG IP address to the correct ones,Yes,2025-01-14T14:44:53Z,"made any changes, we didn’t change anything. It’s possible that the EcoG which had the corrupt FW was able to come back online. What do you mean this is not reliable with the reality on site? Since 1 week ago, there were 22 successful charging sessions in DC3. For me it’s clear that the EcoG is working again. For the 170002200 we still need to replace the EcoG and if it doesn’t work then we need to replace the State Monitor too, when the EcoG is replaced @Wirth, Simon (RC-CH SI B S SE E OPS) please reach out to me. With best regards, Francisco de Matos Joaquim – Support Engineer Siemens S.A. SI E CS SD ICD 201, Avenida 25 de Abril 2845-547 Corroios, Portugal mailto:francisco.joaquim@siemens.com www.siemens.com Siemens, S.A. with head office at Rua Irmãos Siemens, 1-1A, 2720-093 Amadora, Portugal; registered at the Commercial Registry of Amadora, fiscal and legal identification number 500 247 480; with a share capital of 63.435.000,00 EUR. From: Martin, José (RC-CH SI E C) <jose.martin@siemens.com> Sent: Monday, January 13, 2025 10:48 AM To: de Matos Joaquim, Francisco (SI E CS TS) <francisco.joaquim@siemens.com>; SI Emobility Technical Support <emobility_support.si@siemens.com>...",,No,,additional_info[13].body; additional_info[28].body; additional_info[29].body; additional_info[5].body,"Francisco , and I will be assisting you with your following query today: Product : Sicharge D - Charging Center Main Asset : Manor Genf ChargerID/Serial No. : xgesXO Problem Description : DC4 is not working due to communication error and possibly temperature sensor Troubleshooting : There are 2 error flags at the moment: For the first error we should look for the ethernet connection and see if everything is alright, you can swap the ethernet cable with the DC3 and see if it works again and the CableTempSensor error is also gone. If the CableTempSensor is not working, please check these connections: You should measure resistance and it should be close to 1kOhm. If this resistance is correct then move on to the KF214 and see if this value reaches the input of the KF214. If we have 1kOhm at the input (before the connector) and we still face this error, you can try changing the small connector for one neighbour that is not in use: If this still doesn't work then we need to think about replacing KF214. I",4,bf5845ad-1fb3-ef11-b8e8-000d3a68cce9.json
0390143_DC2,0390143,4e6b1d06-44a3-ef11-8a6a-7c1e5235925f,LxXnZ1,MP / R3 170001597,DC2,DC2_CABLETEMPSENSOR_XD101,2024-12-03T11:42:36Z,additional_info,2024-11-15T11:23:28Z,2024-12-03T11:42:36Z,,REVIEW,failure/error language; diagnostic fault flags; completed repair/resolution evidence,,,,,,ID0390143-DC/Si-D/CZ-[MP / R3 170001597] DC2 charging cable temperature sensor error,"Reported behavior/issue:
DC2
charging cable temperature sensor error
Root cause: Cable damage
Solution:  Cable replacement
On DAMEX Sanctioned List:
Warranty Status: Active
Note to QM[ 03/12/2024]
Notes from ES to NOC [ 03/12/2024]",Cable damage,Cable replacement,Yes,2024-12-03T14:05:58Z,"ID0390143-DC/Si-D/CZ-[MP / R3 170001597] DC2 charging cable temperature sensor error CRM:01282000684 Dear Customer, Since your issue has been resolved, we will be proceeding with closing the service ticket# 0390143. If you need any further assistance, please do reach back out to us by sending a new email to emobility_support.si@siemens.com . Kindly note that email responses to closed tickets are not monitored. Thank you. With best regards, eMobility Tech Support Team - Vaishnavy Gurav Please do not change the subject of this Email when replying to it.",VIV:0; PLE:1; KON:1,No,,additional_info[12].body,Note to QM Particular Remarks Defective part name/MLFB 8EM5903-0AA02-6AA2 Component serial number 1285366 Logs with marked error (CSV format preferred) SCB Logs: <<LxXnZ1-logs.csv>> Active error flags before replacement DC2_CableTempSensor_XD101 - VIV:0 PLE:1 KON:1 Device-specific error code (if applicable) VIV:0 PLE:1 KON:1 Outcome of wiring checkup Wiring All Okay Commissioning checklist OK Commissioning date NA Field service report RC will Update Date of failure (see side note) 4/9/2024 Complementary information CP-to-ground Voltage reading (standby) - 12V Signs of corrosion (external) - Evidence of water ingress - No Picture of the Cable label - Outlet Number and position - DC2 right Cable lifetime from commissioning until re,1,4e6b1d06-44a3-ef11-8a6a-7c1e5235925f.json
0392310_DC1,0392310,88f023d3-c6ac-ef11-b8e8-7c1e52762e1c,dAIi3a,MP / RD 170003107,DC1,DC1_CABLETEMPSENSOR_XD100,2024-11-27T13:52:30Z,ticket_created,2024-11-27T13:52:30Z,2024-11-27T13:52:30Z,,POSITIVE_HIGH,exact CableTempSensor fault code in title/description; failure/error language; diagnostic fault flags; sensor/troubleshooting evidence,,,,,,ID0392310-DC/Si-D/DE-[dAIi3a]- CableTempSensor_XD100,"Reported behavior/issue:
DC1_CableTempSensor_XD100
(VIV:0 CCE:0 RNE:1 PLE:0 SOV:0 COV:0 CBL:0 KON:1 CAB:0 HOU:0)
Root cause: Cable Faulty
Solution: Cable Replaced
On DAMEX Sanctioned List:
Warranty Status:",Cable Faulty,Cable Replaced,No,,,VIV:0; RNE:1; PLE:0; SOV:0; KON:1,No,,additional_info[14].subject; additional_info[15].subject; additional_info[16].body; additional_info[16].subject; additional_info[17].subject; additional_info[18].subject; additional_info[19].subject; additional_info[20].subject; additional_info[23].subject; additional_info[24].subject; additional_info[25].body; additional_info[26].body; additional_info[26].subject; additional_info[27].subject; additional_info[2].body; additional_info[2].subject; additional_info[3].body; additional_info[3].subject; additional_info[4].subject; additional_info[5].body; additional_info[7].subject; additional_info[8].subject; description; title,ID0392310-DC/Si-D/DE-[dAIi3a]- CableTempSensor_XD100 Reported behavior/issue: DC1_CableTempSensor_XD100 (VIV:0 CCE:0 RNE:1 PLE:0 SOV:0 COV:0 CBL:0 KON:1 CAB:0 HOU:0) Root cause: Cable Faulty Solution: Cable Replaced On DAMEX Sanctioned List: Warranty Status:,24,88f023d3-c6ac-ef11-b8e8-7c1e52762e1c.json
0392218_DC2,0392218,945c302e-a5ac-ef11-b8e9-6045bdde0ce3,cxGiFJ,MP / N8 160355321,DC2,DC2_CABLETEMPSENSOR_XD101,2024-11-27T09:51:37Z,ticket_created,2024-11-27T09:51:37Z,2024-11-27T09:51:37Z,,POSITIVE_MEDIUM,exact CableTempSensor fault code in title/description,,,,,Yes,ID0392218-DC/Si-D/DE-[MP / N8 160355321] DC2_CableTempSensor_XD101 Issue,"Reported behavior/issue:
DC2_CableTempSensor_XD101 Issue
Root cause:
Solution:
On DAMEX Sanctioned List:
Warranty Status: 08/07/2023",Solution:,On DAMEX Sanctioned List:,No,,,,No,,additional_info[10].body; additional_info[10].subject; additional_info[11].subject; additional_info[12].subject; additional_info[13].body; additional_info[13].subject; additional_info[14].subject; additional_info[15].subject; additional_info[16].subject; additional_info[17].body; additional_info[17].subject; additional_info[18].subject; additional_info[19].subject; additional_info[20].subject; additional_info[21].body; additional_info[21].subject; additional_info[23].subject; additional_info[24].subject; additional_info[25].body; additional_info[25].subject; additional_info[26].subject; additional_info[2].body; additional_info[3].body; additional_info[3].subject; additional_info[4].body; additional_info[4].subject; additional_info[8].subject; additional_info[9].subject; description; title,ID0392218-DC/Si-D/DE-[MP / N8 160355321] DC2_CableTempSensor_XD101 Issue Reported behavior/issue: DC2_CableTempSensor_XD101 Issue Root cause: Solution: On DAMEX Sanctioned List: Warranty Status: 08/07/2023,30,945c302e-a5ac-ef11-b8e9-6045bdde0ce3.json
0390492_DC2,0390492,c03e3ea8-bba5-ef11-a81c-000d3ab3d155,jX6vQY,MP / R3 170001600,DC2,DC2_CABLETEMPSENSOR_XD101,2024-11-18T14:44:48Z,ticket_created,2024-11-18T14:44:48Z,2024-11-18T14:44:48Z,,POSITIVE_MEDIUM,exact CableTempSensor fault code in title/description,,,Yes,DUP_0010,Yes,ID0390492-DC/Si-D/DE-[MP / R3 170001600] DC2_CableTempSensor_XD101,"Reported behavior/issue:
DC2_CableTempSensor_XD101
Root cause:
Solution:
On DAMEX Sanctioned List: No
Warranty Status: Active
Software Version: v4.0.11-0-g0b7d164+SF-RETOPICS
OCPP Backend Connection: Yes",Solution:,On DAMEX Sanctioned List: No,No,,,,No,,additional_info[12].body; additional_info[12].subject; additional_info[14].subject; additional_info[15].body; additional_info[15].subject; additional_info[16].subject; additional_info[17].subject; additional_info[18].subject; additional_info[19].body; additional_info[19].subject; additional_info[20].subject; additional_info[21].subject; additional_info[22].body; additional_info[22].subject; additional_info[23].subject; additional_info[24].subject; additional_info[25].body; additional_info[25].subject; additional_info[26].subject; additional_info[27].subject; additional_info[28].subject; additional_info[29].subject; additional_info[2].body; additional_info[2].subject; additional_info[30].subject; additional_info[31].subject; additional_info[32].subject; additional_info[33].body; additional_info[33].subject; additional_info[34].body; additional_info[34].subject; additional_info[8].body; additional_info[8].subject; description; title,ID0390492-DC/Si-D/DE-[MP / R3 170001600] DC2_CableTempSensor_XD101 Reported behavior/issue: DC2_CableTempSensor_XD101 Root cause: Solution: On DAMEX Sanctioned List: No Warranty Status: Active Software Version: v4.0.11-0-g0b7d164+SF-RETOPICS OCPP Backend Connection: Yes,35,c03e3ea8-bba5-ef11-a81c-000d3ab3d155.json
0390187_DC1,0390187,fc80f3a4-5aa3-ef11-8a69-000d3ab9a120,I8hTYr,MP / R4 170001624,DC1,DC1_CABLETEMPSENSOR_XD100,2024-11-15T14:05:19Z,ticket_created,2024-11-15T14:05:19Z,2024-11-15T14:05:19Z,,POSITIVE_HIGH,exact CableTempSensor fault code in title/description; diagnostic fault flags; sensor/troubleshooting evidence,,,,,,ID0390187-DC/Si-D/BE-[MP / R4 170001624] DC1_CableTempSensor_XD100,"Reported behavior/issue:
DC1_CableTempSensor_XD100
Root cause:
Solution:
On DAMEX Sanctioned List:
Warranty Status:4/25/2025",Solution:,On DAMEX Sanctioned List:,No,,,KON:1; VIV:0,No,,additional_info[2].body; additional_info[2].subject; additional_info[3].body; additional_info[3].subject; additional_info[4].subject; description; title,ID0390187-DC/Si-D/BE-[MP / R4 170001624] DC1_CableTempSensor_XD100 Reported behavior/issue: DC1_CableTempSensor_XD100 Root cause: Solution: On DAMEX Sanctioned List: Warranty Status:4/25/2025,7,fc80f3a4-5aa3-ef11-8a69-000d3ab9a120.json
0389979_DC1,0389979,f388160d-590d-4104-aa21-f909b97ce4bf,wzcbA7,MP / P3 170000429,DC1,DC1_CABLETEMPSENSOR_XD100,2024-11-14T14:38:17Z,ticket_created,2024-11-14T14:38:17Z,2024-11-14T14:38:17Z,,POSITIVE_HIGH,exact CableTempSensor fault code in title/description; diagnostic fault flags; sensor/troubleshooting evidence,,,,,,ID0389979-DC/Si-D/TR-[MP / P3 170000429] DC1_CableTempSensor_XD100,"Reported behavior/issue:DC1_CableTempSensor_XD100
Root cause:
Solution:
On DAMEX Sanctioned List:
Warranty Status:10/14/2024",Solution:,On DAMEX Sanctioned List:,No,,,KON:1; VIV:0,No,,additional_info[3].body; additional_info[3].subject; additional_info[4].body; additional_info[4].subject; description; title,ID0389979-DC/Si-D/TR-[MP / P3 170000429] DC1_CableTempSensor_XD100 Reported behavior/issue:DC1_CableTempSensor_XD100 Root cause: Solution: On DAMEX Sanctioned List: Warranty Status:10/14/2024,6,f388160d-590d-4104-aa21-f909b97ce4bf.json
0389661_DC2,0389661,b63f38f9-aca1-ef11-8a6a-0022489ec7b5,REV5ab,Y2 / R3 313020197005,DC2,DC2_CABLETEMPSENSOR_XD101,2024-11-13T10:49:40Z,ticket_created,2024-11-13T10:49:40Z,2024-11-13T10:49:40Z,,POSITIVE_MEDIUM,exact CableTempSensor fault code in title/description,,,,,Yes,ID0389661-DC/Si-D/BR[REV5ab] - DC2_CableTempSensor_XD101,"Reported behaviour/issue:
Outlet 2 unavailable
Root cause:
DC2_CableTempSensor_XD101
Solution:
Site visit later on - no date planned
On DAMEX Sanctioned List:
Siemens
Warranty Status:
Active",DC2_CableTempSensor_XD101,Site visit later on - no date planned,No,,,,No,,additional_info[10].body; additional_info[11].body; additional_info[2].body; additional_info[2].subject; additional_info[3].body; additional_info[3].subject; additional_info[4].subject; additional_info[5].body; additional_info[5].subject; additional_info[6].subject; additional_info[7].body; additional_info[7].subject; additional_info[8].subject; additional_info[9].body; additional_info[9].subject; description; title,ID0389661-DC/Si-D/BR[REV5ab] - DC2_CableTempSensor_XD101 Reported behaviour/issue: Outlet 2 unavailable Root cause: DC2_CableTempSensor_XD101 Solution: Site visit later on - no date planned On DAMEX Sanctioned List: Siemens Warranty Status: Active,17,b63f38f9-aca1-ef11-8a6a-0022489ec7b5.json
0386084_DC1,0386084,8e2db470-eaa8-4511-8742-e0b96844f360,nqYmbY,MP / R1 170001176,DC1,DC1_CABLETEMPSENSOR_XD100,2024-11-08T06:26:01Z,additional_info,2024-10-23T10:15:57Z,2024-11-08T06:26:01Z,,REVIEW,diagnostic fault flags; completed repair/resolution evidence,,,,,,ID0386084-DC/Si-D/TR-[MP / R1 170001176] Charging process is interrupted in DC1,"Reported behavior/issue:
Charging process is interrupted in DC1
,
Charging Cable Sensor Plausibility Contact Temperatures
Root cause: Connector damage
Solution: Replaced with new one
On DAMEX Sanctioned List:NO
Warranty Status:ACTIVE
Notes from ES to NOC [ 08/11/2024]",Connector damage,Replaced with new one,Yes,2024-11-08T09:13:37Z,"ID0386084-DC/Si-D/TR-[MP / R1 170001176] Charging process is interrupted in DC1 CRM:00579001295 Hello Yunus, Since your issue has been resolved, we will be proceeding with closing the service ticket# 0386084. If you need any further assistance, please do reach back out to us by sending a new email to emobility_support.si@siemens.com . Kindly note that email responses to closed tickets are not monitored. Thank you. With best regards, eMobility Tech Support Team - Vaishnavi Raut Please do not change the subject of this Email when replying to it.",VIV:0; PLE:1; KON:1,No,,additional_info[16].body; additional_info[17].body,Note to QM Particular Remarks Defective part name/MLFB 8EM5903-0AA02-6AA2 Component serial number Need to receive from RC Logs with marked error (CSV format preferred) <<nqYmbY-logs (1).csv>> Active error flags before replacement PLC-Error-Flag 'DC1_CableTempSensor_XD100' changed to true - (VIV:0 PLE:1 KON:1) Device-specific error code (if applicable) (VIV:0 PLE:1 KON:1) -> Plausibility Error Outcome of wiring checkup Wiring are in healthy state Commissioning checklist Okay Commissioning date 01.02.2023 Field service report RC will upload Date of failure (see side note) 23.10.2024 Complementary information (see: Special Cases ) CP-to-ground Voltage reading (standby) - 12V Signs of corrosion (external) - Yes Evidence of water ingress - No Picture of the Ca,2,8e2db470-eaa8-4511-8742-e0b96844f360.json
0386751_DC2,0386751,25cca00d-fe94-ef11-8a6a-002248a2b1bd,yhv7cT & ZNgsSz,"MP / R3 170001340,MP / R6 170001957",DC2,DC2_CABLETEMPSENSOR_XD101; DC2_CABLETEMPSENSOR,2024-10-28T07:27:21Z,ticket_created,2024-10-28T07:27:21Z,2024-10-28T07:27:21Z,,POSITIVE_HIGH,exact CableTempSensor fault code in title/description; failure/error language; diagnostic fault flags; completed repair/resolution evidence,,,,,,ID0386751-DC/Si-D/DE[170001957] - DC2_CableTempSensor_XD101,"Reported behaviour/issue:
Outlet 2 out of order
Root cause:
DC2_CableTempSensor_XD101 VIV:0 PLE:1 KON:1
'PLE:' 1→ in case of an plausibility error (temperature difference between +/- too high) → difference of 23ºC is enough for error flag?
Solution:
After having discussion with the customer, charger is not faulted
NOTE TO L3 in timeline
Obsolete:
First Reported behaviour/issue:
Dispenser outlet ooo
Root cause:
Unclear not there anymore
Solution:
On DAMEX Sanctioned List:
No
Warranty Status:
Active",DC2_CableTempSensor_XD101 VIV:0 PLE:1 KON:1 'PLE:' 1→ in case of an plausibility error (temperature difference between +/- too high) → difference of 23ºC is enough for error flag?,"After having discussion with the customer, charger is not faulted NOTE TO L3 in timeline Obsolete: First Reported behaviour/issue: Dispenser outlet ooo",Yes,2024-11-22T12:15:32Z,"RE: WG: ID0386751-DC/Si-D/DE[170001957] - Outlet 2 unavailable CRM:00315001966 Dear Tanja, Since your issue has been resolved, we will be proceeding with closing the service ticket# 0386751. If you need any further assistance, please do reach back out to us by sending a new email to emobility_support.si@siemens.com . Kindly note that email responses to closed tickets are not monitored. Thank you. With best regards, eMobility Tech Support Team - Shrey Sharma Please do not change the subject of this Email when replying to it.",VIV:0; PLE:1; KON:1,No,,additional_info[12].subject; additional_info[19].body; additional_info[5].body; additional_info[7].subject; description; title,"ID0386751-DC/Si-D/DE[170001957] - DC2_CableTempSensor_XD101 Reported behaviour/issue: Outlet 2 out of order Root cause: DC2_CableTempSensor_XD101 VIV:0 PLE:1 KON:1 'PLE:' 1→ in case of an plausibility error (temperature difference between +/- too high) → difference of 23ºC is enough for error flag? Solution: After having discussion with the customer, charger is not faulted NOTE TO L3 in timeline Obsolete: First Reported behaviour/issue: Dispenser outlet ooo Root cause: Unclear not there anymore Solution: On DAMEX Sanctioned List: No Warranty Statu",6,25cca00d-fe94-ef11-8a6a-002248a2b1bd.json
0386111_DC2,0386111,64469b75-3391-ef11-8a6a-7c1e5235e725,iwuJDH,MP / R0 170002741,DC2,DC2_CABLETEMPSENSOR_XD101,2024-10-23T14:14:19Z,additional_info,2024-10-23T11:39:36Z,2024-10-23T14:14:19Z,,MENTION_ONLY,CableTempSensor appears only in generic/Knowledge Article context,,,,,,ID0386111-DC/Si-D/DE-[MP / R0 170002741] DC2 OOO,"Reported behavior/issue:
DC2 OOO
Root cause:
Solution: Component replaced.
On DAMEX Sanctioned List: no
Warranty Status: 10/25/2025",Solution: Component replaced.,Component replaced.,Yes,2024-11-26T15:21:33Z,"ID0386111-DC/Si-D/DE-[MP / R0 170002741] DC2 OOO CRM:00643001111 Dear Marcel, Since your issue has been resolved, we will be proceeding with closing the service ticket# 0386111. If you need any further assistance, please do reach back out to us by sending a new email to emobility_support.si@siemens.com . Kindly note that email responses to closed tickets are not monitored. Thank you. With best regards, eMobility Tech Support Team - Shrey Sharma Please do not change the subject of this Email when replying to it.",VIV:0; RNE:1; KON:1,No,,additional_info[5].body,"RE: ID0386111-DC/Si-D/DE-[MP / R0 170002741] DC2 OOO CRM:00579001242 Hello team, Greetings of the day! We checked and found the following error flags: We could see that DC2_CableTempSensor_XD101 error : With Attributes : VIV:0 RNE:1 KON:1 They states as 'VIV:'0 → in case of an invalid sensor reading 'RNE:'1 → in case of an sensor reading outside the defined operation range So we need to check if the following connection from the Cable is fine or not. Also check all the connections to KF11 (EcoG) and KF13 (State monitor). Also, Check if the Charging Plug to be tidy or have rust. After all the above investigation, We may have to consider replacing the Cable. Also, If cable replacem",1,64469b75-3391-ef11-8a6a-7c1e5235e725.json
0386106_DC2,0386106,7970f08a-3191-ef11-ac20-0022489fb3e7,jX6vQY,MP / R3 170001600,DC2,DC2_CABLETEMPSENSOR_XD101,2024-10-23T11:25:47Z,ticket_created,2024-10-23T11:25:47Z,2024-10-23T11:25:47Z,,POSITIVE_MEDIUM,exact CableTempSensor fault code in title/description,,,Yes,DUP_0010,Yes,ID0386106-DC/Si-D/DE-[MP / R3 170001600] DC2_CableTempSensor_XD101,"Reported behavior/issue:
DC2_CableTempSensor_XD101
Root cause:
Solution: Duplicate ticket :
0390492
On DAMEX Sanctioned List:NO
Warranty Status:ACITVE
L2-->L3:",Solution: Duplicate ticket : 0390492,Duplicate ticket : 0390492,No,,,,No,,additional_info[11].subject; additional_info[12].body; additional_info[2].body; additional_info[2].subject; additional_info[4].body; additional_info[8].subject; description; title,ID0386106-DC/Si-D/DE-[MP / R3 170001600] DC2_CableTempSensor_XD101 Reported behavior/issue: DC2_CableTempSensor_XD101 Root cause: Solution: Duplicate ticket : 0390492 On DAMEX Sanctioned List:NO Warranty Status:ACITVE L2-->L3:,8,7970f08a-3191-ef11-ac20-0022489fb3e7.json
0385340_DC2,0385340,c54849fa-7bfc-4e92-84ed-e8489147238e,cxGiFJ,MP / N8 160355321,DC2,DC2_CABLETEMPSENSOR_XD101; DC2_CABLETEMPSENSOR,2024-10-18T13:51:52Z,ticket_created,2024-10-18T13:51:52Z,2024-10-18T13:51:52Z,,POSITIVE_HIGH,exact CableTempSensor fault code in title/description; completed repair/resolution evidence,,,,,Yes,ID0385340-DC/Si-D/DE[160355321] - DC2_CableTempSensor_XD101,"Reported behaviour/issue: Stop sessions
Root cause:
DC2_CableTempSensor_XD101
Solution:
information provided to RC from experts team.
On DAMEX Sanctioned List:
Siemens
Warranty Status:
Expired
NOTE TO L3: As per PrCh notes, CableTempSensor, should be addressed by Experts. It's hard to proactively get the EcoG graph as it doesn't occur everyday but happens a lot.
Already asked for pictures of the Plug as this charger is one of the oldest ever made. Since the Warranty is Expired customer might not want to replace the plug.",DC2_CableTempSensor_XD101,information provided to RC from experts team.,Yes,2024-10-22T16:41:09Z,"RE: ID0385340-DC/Si-D/DE[160355321] - DC2_CableTempSensor_XD101 CRM:00315001947 Dear Rudolf, Since your issue has been resolved, we will be proceeding with closing the service ticket# 0385340. If you need any further assistance, please do reach back out to us by sending a new email to emobility_support.si@siemens.com . Kindly note that email responses to closed tickets are not monitored. Thank you. With best regards, eMobility Tech Support Team - Vikas Khiladkar Please do not change the subject of this Email when replying to it.",,No,,additional_info[3].body; additional_info[3].subject; additional_info[8].subject; additional_info[9].body; additional_info[9].subject; description; title,"ID0385340-DC/Si-D/DE[160355321] - DC2_CableTempSensor_XD101 Reported behaviour/issue: Stop sessions Root cause: DC2_CableTempSensor_XD101 Solution: information provided to RC from experts team. On DAMEX Sanctioned List: Siemens Warranty Status: Expired NOTE TO L3: As per PrCh notes, CableTempSensor, should be addressed by Experts. It's hard to proactively get the EcoG graph as it doesn't occur everyday but happens a lot. Already asked for pictures of the Plug as this charger is one of the oldest ever made. Since the Warranty is Expired customer mi",7,c54849fa-7bfc-4e92-84ed-e8489147238e.json
0380751_DC2,0380751,1e45b865-205a-4e69-8ac9-ebf735f97fa3,cRxBXW,Y2 / R6 313065117094,DC2,DC2_CABLETEMPSENSOR_XD101,2024-10-15T06:00:05Z,additional_info,2024-09-23T11:03:19Z,2024-10-15T06:00:05Z,,REVIEW,failure/error language; diagnostic fault flags; sensor/troubleshooting evidence; completed repair/resolution evidence,,,,,,ID0380751-DC/Si-D/TR-[Y2 / R6 313065117094] Outlet_DC2_codes,"Reported behavior/issue:
Unable to charge on DC 2 outlet.
Root cause:
connector failure
Solution:
Charging cable replacement
On DAMEX Sanctioned List: No
Warranty Status: 03/09/2026
Notes form RC:
Charging is not possible on DC2. Although there is no error flag on the device, it has been observed that charging is not possible on DC2.
It has been detected that the device gives the 'Outlet_DC2_codes' error and does not start charging
Note to QM [ 22/11/2024]
Notes from ES to NOC [ 22/11/2024]",connector failure,Charging cable replacement,Yes,2024-11-22T08:49:15Z,"ID0380751-DC/Si-D/TR-[Y2 / R6 313065117094] Outlet_DC2_codes CRM:01282000665 Dear Customer, Since your issue has been resolved, we will be proceeding with closing the service ticket# 0380751. If you need any further assistance, please do reach back out to us by sending a new email to emobility_support.si@siemens.com . Kindly note that email responses to closed tickets are not monitored. Thank you. With best regards, eMobility Tech Support Team - Vaishnavy Gurav Please do not change the subject of this Email when replying to it.",VIV:0; RNE:1; KON:1,No,,additional_info[20].body; additional_info[40].body; additional_info[41].body,Handover notes to L3 Suspected Root Cause: Temp. sensor Not OK Problem Description : Outlet unavailable ( DC2_CableTempSensor_XD101 ) Action Performed (L2) : Assisted the RC for cable check (PT1000) values Charger SW Version: v5.0.19 Reason for Handover (L3) : Further troubleshooting needed,3,1e45b865-205a-4e69-8ac9-ebf735f97fa3.json
0383445_DC1,0383445,ed3dbf15-7c85-ef11-ac21-0022489bcff4,cay5wL,MP / R2 170001515,DC1,DC1_CABLETEMPSENSOR_XD100,2024-10-08T13:49:08Z,ticket_created,2024-10-08T13:49:08Z,2024-10-08T13:49:08Z,,POSITIVE_HIGH,exact CableTempSensor fault code in title/description; diagnostic fault flags; sensor/troubleshooting evidence; completed repair/resolution evidence,,,,,,ID0383445-DC/Si-D/BE-[MP / R2 170001515] DC1_CableTempSensor_XD100,"Reported behavior/issue:
DC1_CableTempSensor_XD100
Root cause:
Solution: R
eplaced the screen
On DAMEX Sanctioned List: Siemens Employee
Warranty Status: Active (2/7/2025)",Solution: R eplaced the screen,R eplaced the screen,Yes,2024-10-16T20:14:24Z,"RE: ID0383445-DC/Si-D/BE-[MP / R2 170001515] DC1_CableTempSensor_XD100 CRM:00797001320 Dear Marnic, Thank you for the confirmation, Kindly attach the field service report. Since your issue has been resolved, we will be proceeding with closing the service ticket# 0383445. If you need any further assistance, please do reach back out to us by sending a new email to emobility_support.si@siemens.com . Kindly note that email responses to closed tickets are not monitored. Thank you. With best regards, eMobility Tech Support Team - Ankita Khobare Please do not change the subject of this Email when replying to it.",KON:1; PLE:1; VIV:0,No,,additional_info[16].subject; additional_info[18].subject; additional_info[20].subject; additional_info[22].subject; additional_info[24].subject; additional_info[26].subject; additional_info[27].body; additional_info[3].body; additional_info[3].subject; additional_info[4].subject; additional_info[9].subject; description; title,ID0383445-DC/Si-D/BE-[MP / R2 170001515] DC1_CableTempSensor_XD100 Reported behavior/issue: DC1_CableTempSensor_XD100 Root cause: Solution: R eplaced the screen On DAMEX Sanctioned List: Siemens Employee Warranty Status: Active (2/7/2025),13,ed3dbf15-7c85-ef11-ac21-0022489bcff4.json
0382228_DC1,0382228,4639ecb5-6545-4bcc-a5e5-8155da6def10,GYpSd1,Y2 / RN 313392372010,DC1,DC1_CABLETEMPSENSOR_XD100,2024-10-01T03:22:17Z,additional_info,2024-10-01T02:43:09Z,2024-10-01T03:22:17Z,,REVIEW,diagnostic fault flags; completed repair/resolution evidence,,,,,,Proactive - ID0382228-DC/Si-D/TR-[Y2 / RN 313392372010] Failsafe Mode Active,"Reported behavior/issue:
Failsafe mode with KF12 and Temp Sensor Issue
Root cause: NA
Solution: After rebooting, issue was resolved.
On DAMEX Sanctioned List: No
Warranty Status:
Active",NA,"After rebooting, issue was resolved.",Yes,2024-10-04T16:39:30Z,"RE: 0382228 - Proactive - ID0382228-DC/Si-D/TR-[Y2 / RN 313392372010] Failsafe Mode Active CRM:00658000755 Hello Yunus, Since your issue has been resolved, we will be proceeding with closing the service ticket# 0382228. If you need any further assistance, please do reach back out to us by sending a new email to emobility_support.si@siemens.com . Kindly note that email responses to closed tickets are not monitored. Thank you. With best regards, eMobility Tech Support Team - Beerpal Singh Please do not change the subject of this Email when replying to it.",VIV:0; RNE:1; KON:1,No,,additional_info[8].body,"Active Error Flags FailsafeMode_Active PLC SYSTEM true FailsafeMode is active. Charger is out of order. true allOutletsUnavailable sicharge-cp OUTLET true No outlet is currently working true outlet1 sicharge-cp OUTLET true Outlet 1: outoforder, LEMState: undefined false outlet2 sicharge-cp OUTLET true Outlet 2: outoforder, LEMState: Working false DC1_CableTempSensor_XD100 PLC DEVICE true VIV:0 RNE:1 KON:1 false SECC_DC1_MB_Problem_KF12 PLC SYSTEM true loss of communication DC1 and SECC false",1,4639ecb5-6545-4bcc-a5e5-8155da6def10.json
0381648_DC2,0381648,c17ba63b-927c-ef11-ac20-000d3ab4d5d3,BQaC7f,MP / R4 170001819,DC2,DC2_CABLETEMPSENSOR_XD101,2024-09-27T05:35:02Z,ticket_created,2024-09-27T05:35:02Z,2024-09-27T05:35:02Z,,POSITIVE_HIGH,exact CableTempSensor fault code in title/description; failure/error language,,,,,,ID0381648-DC/Si-D/BE[170001819] - DC2_CableTempSensor_XD101,"Reported behaviour/issue:
Outlet 2 out of order
Root cause:
DC2_CableTempSensor_XD101 → CAN communication lost → possible CAN cable or XD16
Solution:
Inspection of output from HPC controller, XD16, CAN Cables and input to KF11
On DAMEX Sanctioned List:
Siemens
Warranty Status:
Active",DC2_CableTempSensor_XD101 → CAN communication lost → possible CAN cable or XD16,"Inspection of output from HPC controller, XD16, CAN Cables and input to KF11",No,,,,No,,additional_info[4].subject; additional_info[5].subject; additional_info[6].body; description; title,"ID0381648-DC/Si-D/BE[170001819] - DC2_CableTempSensor_XD101 Reported behaviour/issue: Outlet 2 out of order Root cause: DC2_CableTempSensor_XD101 → CAN communication lost → possible CAN cable or XD16 Solution: Inspection of output from HPC controller, XD16, CAN Cables and input to KF11 On DAMEX Sanctioned List: Siemens Warranty Status: Active",5,c17ba63b-927c-ef11-ac20-000d3ab4d5d3.json
0381228_DC2,0381228,e0d04e15-167b-ef11-ac20-000d3ab08c0a,"MP / P3 170000420, grYPwb",MP / P3 170000420,DC2,DC2_CABLETEMPSENSOR_XD101,2024-09-25T09:48:47Z,additional_info,2024-09-25T08:13:45Z,2024-09-25T09:48:47Z,,REVIEW,diagnostic fault flags; completed repair/resolution evidence,,,,,,ID0381228-DC/Si-D/DE-[MP P3 170000420] Charger Offline,"Reported behaviour/issue: Charger Offline
Root cause:
SCB Offline
Solution:
On site intervention
On DAMEX Sanctioned List:
Siemens
Warranty Status:
25.11.2025",SCB Offline,On site intervention,Yes,2024-10-14T14:18:51Z,"0381228 - ID0381228-DC/Si-D/DE-[MP P3 170000420] Charger Offline CRM:00658000780 Dear Oliver, Since your issue has been resolved by our local service team on site and charger is now online, we will be proceeding with closing the service ticket# 0381228. If you need any further assistance, please do reach back out to us by sending a new email to emobility_support.si@siemens.com . Kindly note that email responses to closed tickets are not monitored. Thank you. With best regards, eMobility Tech Support Team - Saurav Kumar Please do not change the subject of this Email when r",VIV:0; PLE:1; KON:1,No,,additional_info[4].body,"Semih PLC-Error-Flag 'DC2_CableTempSensor_XD101' changed to true - (VIV:0 PLE:1 KON:1),grYPwb PLC-Error-Flag 'Outlet_DC2_codes' changed to true - (DC2 Outlet not ready - charging cable temperature sensor err),grYPwb then collaborated reboot and after that the charger didnt came back",1,e0d04e15-167b-ef11-ac20-000d3ab08c0a.json
0380095_DC4,0380095,ac56429a-d775-ef11-a670-000d3ab08c0a,TpzGGB,Y2 / S6 313740137001,DC4,DC4_CABLETEMPSENSOR_XD240,2024-09-18T16:03:57Z,ticket_created,2024-09-18T16:03:57Z,2024-09-18T16:03:57Z,,POSITIVE_MEDIUM,diagnostic fault flags; sensor/troubleshooting evidence; completed repair/resolution evidence,,,,,,ID0380095-DC/Si-D/AT-[Y2 / S6 313740137001] DC3 and DC4 CableTempSensor,"Reported behavior/issue:
DC3 and DC4 CableTempSensor
Root cause:
Solution:
Charging cable
8EM5903-0AA03-5AA5 replaced
On DAMEX Sanctioned List:
Siemens Employee
Warranty Status:
Active (7/16/2026)",Solution: Charging cable 8EM5903-0AA03-5AA5 replaced,Charging cable 8EM5903-0AA03-5AA5 replaced,Yes,2024-10-30T15:34:35Z,"ID0380095-DC/Si-D/AT-[Y2 / S6 313740137001] DC3 and DC4 CableTempSensor CRM:00642001721 Dear Daniel, Since your issue has been resolved, we will be proceeding with closing the service ticket# 0380095. If you need any further assistance, please do reach back out to us by sending a new email to emobility_support.si@siemens.com . Kindly note that email responses to closed tickets are not monitored. Thank you. With best regards, eMobility Tech Support Team - Mohini Patil Please do not change the subject of this Email when replying to it.",VIV:0; RNE:1; KON:1,No,,additional_info[15].subject; additional_info[16].body; additional_info[4].body; additional_info[5].body; additional_info[5].subject; additional_info[7].subject; description; title,ID0380095-DC/Si-D/AT-[Y2 / S6 313740137001] DC3 and DC4 CableTempSensor Reported behavior/issue: DC3 and DC4 CableTempSensor Root cause: Solution: Charging cable 8EM5903-0AA03-5AA5 replaced On DAMEX Sanctioned List: Siemens Employee Warranty Status: Active (7/16/2026),8,ac56429a-d775-ef11-a670-000d3ab08c0a.json
0378364_DC2,0378364,abe97ee8-b354-4be3-9703-a6108f101182,hlZAdr,Y2 / R7 313065117145,DC2,DC2_CABLETEMPSENSOR_XD101,2024-09-09T07:42:47Z,ticket_created,2024-09-09T07:42:47Z,2024-09-09T07:42:47Z,,POSITIVE_HIGH,exact CableTempSensor fault code in title/description; failure/error language; diagnostic fault flags; completed repair/resolution evidence,,,,,,ID0378364-DC/Si-D/TR-[Y2 / R7 313065117145] DC2_CableTempSensor_XD101,"Reported behaviour/issue:
DC2_CableTempSensor_XD101"" error. (VIV:0 RNE:1 KON:1) And also have ""DC2 Errorcode:4""
Root cause:
readings show more than 10000ºC in SECC
Solution:
Replace cable → temperature sensor is faulty
On DAMEX Sanctioned List:
Siemens
Warranty Status:
Active",readings show more than 10000ºC in SECC,Replace cable → temperature sensor is faulty,Yes,2024-09-23T09:43:16Z,"ID0378364-DC/Si-D/TR-[Y2 / R7 313065117145] DC2_CableTempSensor_XD101 CRM:00798001301 Hi Yunus, Thanks for Field service report. Since your issue has been resolved, we will be proceeding with closing the service ticket# 0378364. If you need any further assistance, please do reach back out to us by sending a new email to emobility_support.si@siemens.com . Kindly note that email responses to closed tickets are not monitored. Thank and Best Regards, eMobility Tech Support Team - Giridhar ""Gary"" Please do not change the subject of this Email when replying to it.",VIV:0; RNE:1; KON:1,No,,additional_info[16].subject; additional_info[17].body; additional_info[3].body; additional_info[3].subject; additional_info[4].subject; additional_info[5].subject; additional_info[6].subject; additional_info[8].subject; additional_info[9].subject; description; title,"ID0378364-DC/Si-D/TR-[Y2 / R7 313065117145] DC2_CableTempSensor_XD101 Reported behaviour/issue: DC2_CableTempSensor_XD101"" error. (VIV:0 RNE:1 KON:1) And also have ""DC2 Errorcode:4"" Root cause: readings show more than 10000ºC in SECC Solution: Replace cable → temperature sensor is faulty On DAMEX Sanctioned List: Siemens Warranty Status: Active",11,abe97ee8-b354-4be3-9703-a6108f101182.json
0376669_DC2,0376669,a234af11-dc65-ef11-bfe2-002248a155a0,cxGiFJ,MP / N8 160355321,DC2,DC2_CABLETEMPSENSOR_XD101,2024-08-29T07:55:42Z,ticket_created,2024-08-29T07:55:42Z,2024-08-29T07:55:42Z,,POSITIVE_MEDIUM,exact CableTempSensor fault code in title/description,,,,,Yes,ID0376669-DC/Si-D/DE[160355321] - EVSE Stop ohne Zutun des Fahrers,"Reported behaviour/issue:
Charging session interrupted 2 times in the space of ~5min
Root cause:
DC2_CableTempSensor_XD101 changed to True
Solution:
Not an issue anymore
On DAMEX Sanctioned List:
Siemens
Warranty Status:
Expired
NOTE FROM L2:
According to AWS there are only 5 instances this last month that had this 20th/26th/28th",DC2_CableTempSensor_XD101 changed to True,Not an issue anymore,No,,,,No,,additional_info[6].body; description,ID0376669-DC/Si-D/DE[160355321] - EVSE Stop ohne Zutun des Fahrers Reported behaviour/issue: Charging session interrupted 2 times in the space of ~5min Root cause: DC2_CableTempSensor_XD101 changed to True Solution: Not an issue anymore On DAMEX Sanctioned List: Siemens Warranty Status: Expired NOTE FROM L2: According to AWS there are only 5 instances this last month that had this 20th/26th/28th,2,a234af11-dc65-ef11-bfe2-002248a155a0.json
0376663_DC2,0376663,ddab066e-da65-ef11-bfe2-000d3ab98db9,jQVpnB,MP / R9 170002554,DC2,DC2_CABLETEMPSENSOR_XD101,2024-08-29T07:43:53Z,ticket_created,2024-08-29T07:43:53Z,2024-08-29T07:43:53Z,,POSITIVE_HIGH,exact CableTempSensor fault code in title/description; completed repair/resolution evidence,,,,,,ID03766630-DC/Si-D/IT-[MP / R9 170002554] DC2_CableTempSensor_XD101,"Reported behavior/issue:
DC2_CableTempSensor_XD101
Root cause:
Solution:Cable replaced
On DAMEX Sanctioned List:NO
Warranty Status:ACTIVE",Solution:Cable replaced,Cable replaced,Yes,2024-09-30T16:47:28Z,"RE: A new case manager was assigned to 0376663 CRM:00225097297 Dear Luca, Since your issue has been resolved, we will be proceeding with closing the service ticket# 0376663. If you need any further assistance, please do reach back out to us by sending a new email to emobility_support.si@siemens.com . Kindly note that email responses to closed tickets are not monitored. Thank you. With best regards, eMobility Tech Support Team - Ankita Khobare Please do not change the subject of this Email when replying to it.",,No,,additional_info[15].body; additional_info[2].body; additional_info[2].subject; additional_info[3].subject; description; title,ID03766630-DC/Si-D/IT-[MP / R9 170002554] DC2_CableTempSensor_XD101 Reported behavior/issue: DC2_CableTempSensor_XD101 Root cause: Solution:Cable replaced On DAMEX Sanctioned List:NO Warranty Status:ACTIVE,6,ddab066e-da65-ef11-bfe2-000d3ab98db9.json
0375443_DC2,0375443,72ae63ad-ea5f-ef11-bfe3-002248a44b33,4ChOAC,Y2 / PN 312569868/12,DC2,DC2_CABLETEMPSENSOR_XD101,2024-08-21T18:25:10Z,ticket_created,2024-08-21T18:25:10Z,2024-08-21T18:25:10Z,,POSITIVE_HIGH,exact CableTempSensor fault code in title/description; failure/error language,,,,,,ID0375443-DC/Si-D/FR-[4ChOAC] DC2_CableTempSensor_XD101 Error,"Reported behavior/issue:
The outlet 2 (CCS2) of this charger is unavailable because of an error on SCB ""Cable Temperature sensor"".
Root cause:
Solution:
On DAMEX Sanctioned List:  No
Warranty Status: 12/25/2024 (RC to CX)",Solution:,On DAMEX Sanctioned List: No,No,,,,No,,additional_info[12].body; additional_info[12].subject; additional_info[14].subject; additional_info[3].body; additional_info[3].subject; additional_info[6].subject; title,"ID0375443-DC/Si-D/FR-[4ChOAC] DC2_CableTempSensor_XD101 Error Reported behavior/issue: The outlet 2 (CCS2) of this charger is unavailable because of an error on SCB ""Cable Temperature sensor"". Root cause: Solution: On DAMEX Sanctioned List: No Warranty Status: 12/25/2024 (RC to CX)",7,72ae63ad-ea5f-ef11-bfe3-002248a44b33.json
0373540_DC1,0373540,ed4338e4-4756-ef11-bfe3-002248a44b33,7JsGX4,MP / N9 160381801,DC1,DC1_CABLETEMPSENSOR_XD100,2024-08-09T17:12:59Z,additional_info,2024-08-09T12:07:14Z,2024-08-09T17:12:59Z,,REVIEW,failure/error language; diagnostic fault flags,,,,,,ID0373540-DC/Si-D/DE- [MP / N9 160381801] Charging point is out of service,"Reported behavior/issue:
Charging point is out of service
Root cause: NA
Solution: Replaced cable and ECoG
On DAMEX Sanctioned List: No
Warranty Status:  9/1/2024",NA,Replaced cable and ECoG,No,,,VIV:0; PLE:1; KON:1,No,,additional_info[6].body,"ID0373540-DC/Si-D/DE- [MP / N9 160381801] Charging point is out of service CRM:02023000079 Hello Team, Over the period of 4 Weeks, We could be able to see following: for reported issue of outlet DC1, we could see that most of them are due to temperature Sensor Error. PLC-Error-Flag 'Outlet_DC1_codes' changed to true - (DC1 Outlet not ready - charging cable temperature sensor err) 2024-07-25T16:09:02.906061+00:00 sicharge-cp [local0:err] sicharge-cp-backend/7ece98de7334[699]: PLC-Error-Flag 'DC1_CableTempSensor_XD100' changed to true - (VIV:0 PLE:1 KON:1) VIV:0 - in case of an invalid sensor reading PLE:1 - in case of a plausibility error (temperature difference between +/- too high) KON:1 - Contact Temp sensor is fine Suspected root cause can be - Water ingress on CCS Plug leading to wrong CP readings (HW Problem) - Corrosion of connector blades We can have a visual inspection. We can measure CP pin to ground. If Voltage is different from constant 12V DC, the cable must be replaced. Report the findin",1,ed4338e4-4756-ef11-bfe3-002248a44b33.json
0372602_DC2,0372602,00b450c2-fd52-ef11-a81c-6045bde11edb,grYPwb,MP / P3 170000420,DC2,DC2_CABLETEMPSENSOR_XD101,2024-08-06T06:42:08Z,additional_info,2024-08-05T07:38:52Z,2024-08-06T06:42:08Z,,REVIEW,failure/error language; completed repair/resolution evidence,,,,,,ID0372602-DC/SICD/DE-[MP / P3 170000420]-Outlet Error DC2,"Reported behavior/issue:
The outlet 2 of the charger grYPwb is out of service. The charger shows an error flag.
Root cause:
Solution:
Problem
resolved by on-site intervention
On DAMEX Sanctioned List:
Warranty Status: yes
Kind regards,
Marius Schneider
Software Version: v4.0.11-0-g0b7d164+SF-RETOPICS (PRODUCTION)
OCPP Backend Connection: Yes",Solution: Problem resolved by on-site intervention,Problem resolved by on-site intervention,Yes,2024-10-14T14:24:14Z,"RE: 0372602 - ID0372602-DC/SICD/DE-[MP / P3 170000420]-Outlet Error DC2 CRM:00373000232 Dear Marius , Since your issue has been resolved, we will be proceeding with closing the service ticket# 0372602. If you need any further assistance, please do reach back out to us by sending a new email to emobility_support.si@siemens.com . Kindly note that email responses to closed tickets are not monitored. Thank you With best regards, eMobility Tech Support Team - Vikas Khiladkar Please do not change the subject of this Email when replying to it.",,No,,additional_info[11].body; additional_info[12].body; additional_info[9].body,"RE: AW: ID0372602-DC/SICD/DE-[MP / P3 170000420]-Outlet Error DC2 CRM:01282000438 Hello, The PLC-Error-Flag 'DC2_CableTempSensor_XD101 error is observed to be occurring and going away multiple times. We see a plausibility error to be true, We will plan a site visit to inspect ahead. With best regards, eMobility Tech Support Team - Vaishnavy Gurav Please do not change the subject of this Email when replying to it.",3,00b450c2-fd52-ef11-a81c-6045bde11edb.json
0371199_DC4,0371199,b1e72a1b-202c-420a-8d63-155f89f57837,EHpjBf,MP / R3 170001645,DC4,DC4_CABLETEMPSENSOR; DC4_CABLETEMPSENSOR_XD240,2024-07-26T23:20:46Z,ticket_created,2024-07-26T23:20:46Z,2024-07-26T23:20:46Z,,POSITIVE_HIGH,exact CableTempSensor fault code in title/description; failure/error language; diagnostic fault flags; completed repair/resolution evidence,,,,,,ID0371199-DC/Si-D/DK-[EHpjBf] Proactive-DC4_CableTempSensor,"Reported behaviour/issue:
PLC-Dispenser-Error-Flag 'DC4_CableTempSensor_XD240' changed to true - (VIV:0 PLE:1 KON:1)
Root cause:
Solution: N
o activity. We don't see the problem anymore.
On DAMEX Sanctioned List: Siemens Employee
Warranty Status: Active",Solution: N o activity. We don't see the problem anymore.,N o activity. We don't see the problem anymore.,Yes,2024-09-24T01:34:14Z,"RE: ID0371199-DC/Si-D/DK-[EHpjBf] Proactive-DC4_CableTempSensor CRM:00798001066 Dear Martin, Since your issue has been resolved, we will be proceeding with closing the service ticket# 0371199. If you need any further assistance, please do reach back out to us by sending a new email to emobility_support.si@siemens.com . Kindly note that email responses to closed tickets are not monitored. Thank you. With best regards, eMobility Tech Support Team - Shrey Sharma Please do not change the subject of this Email when replying to it.",VIV:0; PLE:1; KON:1,No,,additional_info[10].subject; additional_info[12].subject; additional_info[13].body; additional_info[4].body; additional_info[4].subject; additional_info[8].subject; additional_info[9].subject; description; title,ID0371199-DC/Si-D/DK-[EHpjBf] Proactive-DC4_CableTempSensor Reported behaviour/issue: PLC-Dispenser-Error-Flag 'DC4_CableTempSensor_XD240' changed to true - (VIV:0 PLE:1 KON:1) Root cause: Solution: N o activity. We don't see the problem anymore. On DAMEX Sanctioned List: Siemens Employee Warranty Status: Active,9,b1e72a1b-202c-420a-8d63-155f89f57837.json
0371129_UNKNOWN,0371129,73504137-324b-ef11-bfe3-000d3a67b152,t2lREy,MP / R8 170002509,,,2024-07-26T13:38:43Z,additional_info,2024-07-26T09:34:13Z,2024-07-26T13:38:43Z,,REVIEW,sensor/troubleshooting evidence,,,,,,ID0371129-DC/Si-D/FR-[MP / R8 170002509] SECC_DC2_MB_Problem_KF11,"Reported behavior/issue:
SECC_DC2_MB_Problem_KF11
Root cause:
Solution:
On DAMEX Sanctioned List:
Warranty Status:
2024-13-08 : Notes from L2 to RC",Solution:,On DAMEX Sanctioned List:,No,,,,No,,additional_info[6].body,"ID0371129-DC/Si-D/FR-[MP / R8 170002509] SECC_DC2_MB_Problem_KF11 CRM:00642001355 Hello Team, Hope you are doing great. As we received case from an end customer, we found the error ""SECC_KF11_GenData_MB_Problem"" and ""DC2_CableTempSensorXD101"". Kindly check following points which we have mentioned- Regarding error""SECC_DC2_MB_Problem_KF11"". Check if SECC2300 of dispenser is available & connected Restart the SECC, usually this solves this problem. Basically error ""SECC_DC2_MB_Problem"" indicates the Modbus connection problem. Checked the cables and connections. We can try rebooting only the SECC once. If still issue persists then we try to be replacing the SECC. And regarding error "" DC2_CableTempSensorXD101 "", please check the r",1,73504137-324b-ef11-bfe3-000d3a67b152.json
0369734_DC1,0369734,11fe7ee5-0245-ef11-a316-000d3a67b152,mSS9T9,MP / R6 170002075,DC1,DC1_CABLETEMPSENSOR,2024-07-18T12:40:25Z,ticket_created,2024-07-18T12:40:25Z,2024-07-18T12:40:25Z,,POSITIVE_MEDIUM,failure/error language,,,,,,ID0369734-DC/Si-D/FR[170002075&170001300] - CableTempSensor & FB1 or FC5 tripping,"Reported behaviour/issue:
Chargers are unavailable in backend
Root cause:
For 1300, there are multiple reboots, the MCCB is not working properly, and has a lot of
RCD_FB1_or_MCB_FC5_AC_Charging
For 2075, it has several CableTempSensor, but not during session, so cable issue or wiring in StateMonitor
Solution:
On DAMEX Sanctioned List:
No
Warranty Status:
Active","For 1300, there are multiple reboots, the MCCB is not working properly, and has a lot of RCD_FB1_or_MCB_FC5_AC_Charging For 2075, it has several CableTempSensor, but not during session, so cable issue or wiring in StateMonitor",On DAMEX Sanctioned List: No,No,,,,No,,additional_info[11].subject; additional_info[12].subject; additional_info[8].subject; additional_info[9].body; additional_info[9].subject; description; title,"ID0369734-DC/Si-D/FR[170002075&170001300] - CableTempSensor & FB1 or FC5 tripping Reported behaviour/issue: Chargers are unavailable in backend Root cause: For 1300, there are multiple reboots, the MCCB is not working properly, and has a lot of RCD_FB1_or_MCB_FC5_AC_Charging For 2075, it has several CableTempSensor, but not during session, so cable issue or wiring in StateMonitor Solution: On DAMEX Sanctioned List: No Warranty Status: Active",7,11fe7ee5-0245-ef11-a316-000d3a67b152.json
0369384_UNKNOWN,0369384,e626fb7c-1e44-ef11-a316-000d3ab06f45,053Wej,Y2 / R3 312719454/02,,,2024-07-18T11:55:47Z,additional_info,2024-07-17T09:25:30Z,2024-07-18T11:55:47Z,,MENTION_ONLY,CableTempSensor appears only in generic/Knowledge Article context,,,,,,ID0369384-DC/Si-D/FR-[Y2 / R3 312719454/02] The load cuts off unexpectedly and randomly,"Reported behavior/issue:
The load cuts off unexpectedly and randomly.
Root cause:
Solution:
On DAMEX Sanctioned List:
Warranty Status:",Solution:,On DAMEX Sanctioned List:,No,,,,No,,additional_info[6].body,"0369384 - ID0369384-DC/Si-D/FR-[Y2 / R3 312719454/02] The load cuts off unexpectedly and randomly CRM:00641000597 Dear Team, Hope you are doing well, Upon reviewing the logs on SCB, I've detected anomalies related to the CableTempSensor error of the DC1 cable. This error has recurred multiple times over the past week. Therefore, we suggest examining the cable temperature sensor of outlet DC1 and, if necessary, replacing the cable. Please refer to the attached snapshot of the continuous error occurrences for further details. And the error which has been generated that are, 'KON:'1: → in case the contact temperature sensors are not okay, RNE:'0 → in case of an sensor reading outside the defined operation range 'VIV:'0 → in case",1,e626fb7c-1e44-ef11-a316-000d3ab06f45.json
0368865_DC4,0368865,1874706c-8342-ef11-a316-000d3abae760,E7gWMK,MP / S2 170003301,DC4,DC4_CABLETEMPSENSOR_XD240,2024-07-16T07:29:43Z,additional_info,2024-07-15T08:22:52Z,2024-07-16T07:29:43Z,,REVIEW,failure/error language; diagnostic fault flags; completed repair/resolution evidence,,,,,,ID0368865-DC/Si-D/IE[170003301] - EcoG ERR69 patch request,"Reported behaviour/issue: EcoG DC4 not working
Root cause:
Update unsuccessfull
Solution:
Replace EcoG LE KF212
On DAMEX Sanctioned List:
Siemens
Warranty Status:
Active
NOTE TO QM in Timeline (information in red requested from RC)
-----------------------------//-----------------------------------
Reported behaviour/issue: ERR69 patch request
Root cause:
Modbus timeout → Specific EVs issue
Solution:
Apply hotfix
On DAMEX Sanctioned List:
Siemens
Warranty Status:
Active",Update unsuccessfull,Replace EcoG LE KF212,Yes,2024-07-16T07:29:43Z,"ID0368865-DC/Si-D/IE[170003301] - EcoG ERR69 patch request CRM:00315001593 Hello ﻿Jason,﻿ Thank you for reaching out to eMobility Support. My name is Francisco , and I will be assisting you with your following query today: Product : Sicharge D - Charging Center Main Asset : MP / S2 170003301 ChargerID/Serial No. : E7gWMK Problem Description : ERR 69 patch request Troubleshooting : Yesterday I performed the patch update for every outlet. All the outlets except the Disp2 outlet, worked completely fine For Disp2 the FW wasn't applied successfully and as such it made the EcoG faulty. With the assistance from R&D, we tried some remote commands to try and bring the EcoG back to operation. Unsuccessfully. After the engineer went on-site with a spare EcoG module, we still tested some scenarios to see if the EcoG module was really faulty. Unsuccessfully, we had to replace the EcoG module to have the outlet working again. Again, I'm really sorry for the inconvience caused. Defective part name/MLFB: EcoG LE dispenser Component serial number: Please provide me this Logs with marked error (CSV format preferred): Error polling coap://10.20.17.103:5683/state Error: No reply in 4.25s PLC-Dispen...",VIV:0; RNE:1; KON:1,No,,additional_info[5].body; additional_info[7].body,"eally faulty. Unsuccessfully, we had to replace the EcoG module to have the outlet working again. Again, I'm really sorry for the inconvience caused. Defective part name/MLFB: EcoG LE dispenser Component serial number: Please provide me this Logs with marked error (CSV format preferred): Error polling coap://10.20.17.103:5683/state Error: No reply in 4.25s PLC-Dispenser-Error-Flag 'SECC_DC4_MB_Problem_KF212' initial value true - (loss of communication DC4 and SECC) PLC-Dispenser-Error-Flag 'DC4_CableTempSensor_XD240' initial value true - (VIV:0 RNE:1 KON:1) Consequence of not having SECC DC4 communication Active error flags before replacement: SECC_DC4_MB_Problem_KF212 Device-specific error code (if applicable): Error while fetching APIs Outcome of wiring checkup: Not an issue since the charger was completely fine, it only stopped working after a failed update Commissioning checklist: Please provide me this Commissioning date: Please provide me this Field service report: Please provide me this Date o",2,1874706c-8342-ef11-a316-000d3abae760.json
0368020_DC1,0368020,3b436abf-d7a8-4ae2-abe0-bd0b462ead1c,ATfGYy,Y2 / R4 313059181011,DC1,DC1_CABLETEMPSENSOR_XD100,2024-07-09T14:18:59Z,ticket_created,2024-07-09T14:18:59Z,2024-07-09T14:18:59Z,,POSITIVE_HIGH,exact CableTempSensor fault code in title/description; failure/error language; diagnostic fault flags; sensor/troubleshooting evidence; completed repair/resolution evidence,,,,,,ID0368020-DC/Si-D/TR-[Y2 / R4 313059181011] DC1_CableTempSensor_XD100,"Reported behavior/issue:
There is “DC1_CableTempSensor_XD100” error on the charger. When we reboot it, it is fixing.
Root cause: faulty DC1_CableTempSensor_XD100
Solution:  charging cable was replaced
On DAMEX Sanctioned List: Siemens Employee
Warranty Status: Active (4/20/2025)
PLC-Error-Flag 'DC1_CableTempSensor_XD100' changed to true - (VIV:0 PLE:1 KON:1)",faulty DC1_CableTempSensor_XD100,charging cable was replaced,Yes,2024-07-28T12:53:44Z,"ID0368020-DC/Si-D/TR-[Y2 / R4 313059181011] DC1_CableTempSensor_XD100 CRM:00796000697 Hello Since your issue has been resolved, we will be proceeding with closing the service ticket# 0368020. If you need any further assistance, please do reach back out to us by sending a new email to emobility_support.si@siemens.com . Kindly note that email responses to closed tickets are not monitored. Thank you. With best regards, eMobility Tech Support Team - Kaushik Kumar Please do not change the subject of this Email when replying to it.",VIV:0; PLE:1; KON:1,No,,additional_info[13].subject; additional_info[14].body; additional_info[4].subject; additional_info[5].body; additional_info[5].subject; additional_info[7].subject; description; title,"ID0368020-DC/Si-D/TR-[Y2 / R4 313059181011] DC1_CableTempSensor_XD100 Reported behavior/issue: There is “DC1_CableTempSensor_XD100” error on the charger. When we reboot it, it is fixing. Root cause: faulty DC1_CableTempSensor_XD100 Solution: charging cable was replaced On DAMEX Sanctioned List: Siemens Employee Warranty Status: Active (4/20/2025) PLC-Error-Flag 'DC1_CableTempSensor_XD100' changed to true - (VIV:0 PLE:1 KON:1)",8,3b436abf-d7a8-4ae2-abe0-bd0b462ead1c.json
0367725_UNKNOWN,0367725,401f72a4-d2f9-4e8f-a178-98db3a542f0f,AT2CQ7,MP / P7 170000669,,,2024-07-08T14:32:12Z,additional_info,2024-07-08T11:25:30Z,2024-07-08T14:32:12Z,,REVIEW,failure/error language; diagnostic fault flags,,,,,,proactive - ID0367725 - DC/Si-D/FI - [AT2CQ7] - CableTempIssue,"Reported behavior/issue:
1. ChargingCableTemp issue 58 times in past 4 weeks.
Root cause:
Solution:
NOT OK cables need to be replaced if found faulty.
NOTE FROM L2: All errors are
(VIV:0 PLE:1 KON:1)",Solution: NOT OK cables need to be replaced if found faulty. NOTE FROM L2: All errors are (VIV:0 PLE:1 KON:1),NOT OK cables need to be replaced if found faulty. NOTE FROM L2: All errors are (VIV:0 PLE:1 KON:1),No,,,VIV:0; PLE:1; KON:1,No,,additional_info[3].body,"proactive - ID0367725 - DC/Si-D/FI - [AT2CQ7] - CableTempIssue CRM:00315001574 Hello ﻿Sakari,﻿ Thank you for reaching out to eMobility Support. My name is Francisco , and I will be assisting you with your following query today: Product : Sicharge D - Charging Center Main Asset : MP / P7 170000669 ChargerID/Serial No. : AT2CQ7 Problem Description : CableTempSensor errors for all outlets Troubleshooting : For DC1 it occured 6 times For DC2 it occurred 10 times For DC3 it occurred 5 times For DC4 it occurred 1 time. Please order a new CCS cable for the DC2 and it has 10 occurrences in the last month which translates to more than twice a week. Please make a visual inspection and a wiring check on the cables of the temperature circuit. For the other Cables I cannot offer a recommendation. For future reference, your ticket number is 0367725 , please do refer",1,401f72a4-d2f9-4e8f-a178-98db3a542f0f.json
0367724_DC3,0367724,3670929a-9413-4ecb-9eb5-d1e7d2fd67c2,LIeyra,MP / P7 170000667,DC3,DC3_CABLETEMPSENSOR; DC3_CABLETEMPSENSOR_XD230,2024-07-08T14:23:47Z,additional_info,2024-07-08T11:22:21Z,2024-07-08T14:23:47Z,,REVIEW,diagnostic fault flags,,,,,,proactive - ID0367724 - DC/Si-D/FI - [LIeyra] - CableTempIssue,"Reported behavior/issue:
1. ChargingCableTemp issue 74 times in past 4 weeks.
Root cause:
Solution: Replace DC3 CCS2 cable and CMS
NOTE FROM L2: all errors are (VIV:0 PLE:1 KON:1)
NOTE FROM RC-FI:
Cable and dispenser roll cross replaced 23.7.2024 by Markus Roiha",Solution: Replace DC3 CCS2 cable and CMS NOTE FROM L2: all errors are (VIV:0 PLE:1 KON:1) NOTE FROM RC-FI: Cable and dispenser roll cross replaced 23.7.2024 by Markus Roiha,Replace DC3 CCS2 cable and CMS NOTE FROM L2: all errors are (VIV:0 PLE:1 KON:1) NOTE FROM RC-FI: Cable and dispenser roll cross replaced 23.7.2024 by Markus Roiha,No,,,VIV:0; PLE:1; KON:1,No,,additional_info[11].body; additional_info[4].body; additional_info[6].body; additional_info[9].body,"proactive - ID0367724 - DC/Si-D/FI - [LIeyra] - CableTempIssue CRM:00315001573 Hello Sakari﻿,﻿ Thank you for reaching out to eMobility Support. My name is Francisco , and I will be assisting you with your following query today: Product : Sicharge D - Charging Center Main Asset : MP / P7 170000667 ChargerID/Serial No. : LIeyra Problem Description : DC3_CableTempSensor Troubleshooting : For DC1 it only occurred 1 time for the last month For DC2 it only occurred 2 times for the last month For DC4 it hasn't occurred. For these 3 we don't need replacement in my opinion. For DC3 it occurred 21 times. For this please take a spare cable and make a visual inspection/wiring checks For future reference, your ticket number is 0367724 , please do refer to this in all further communication regarding this issue. We thank you for your time and patience in advance. With bes",4,3670929a-9413-4ecb-9eb5-d1e7d2fd67c2.json
0367719_UNKNOWN,0367719,ca278ab4-799d-498a-a120-1e9fc22dddfc,L9sPgf,MP / P7 170000668,,,2024-07-08T13:15:17Z,additional_info,2024-07-08T11:10:19Z,2024-07-08T13:15:17Z,,REVIEW,diagnostic fault flags,,,,,,proactive - ID0367719 - DC/Si-D/FI-[L9sPgf] - CableTempIssue & DC_Contactor faults,"Reported behavior/issue:
1. ChargingCableTemp issue 60 times in past 4 weeks.
2. Contactor faults 545 times in past 4 weeks
Root cause:
Solution:
NOTE FROM L2: all errors are (VIV:0 PLE:1 KON:1) except for a one time only last month with DC4 (
VIV:0 RNE:1 KON:1)
Done 13.11.2024",Solution: NOTE FROM L2: all errors are (VIV:0 PLE:1 KON:1) except for a one time only last month with DC4 ( VIV:0 RNE:1 KON:1) Done 13.11.2024,NOTE FROM L2: all errors are (VIV:0 PLE:1 KON:1) except for a one time only last month with DC4 ( VIV:0 RNE:1 KON:1) Done 13.11.2024,No,,,VIV:0; PLE:1; KON:1; RNE:1; CMD:0; FBK:1,No,,additional_info[5].body,"proactive - ID0367719 - DC/Si-D/FI-[L9sPgf] - CableTempIssue & DC_Contactor faults CRM:00315001565 Hello ﻿,﻿ Thank you for reaching out to eMobility Support. My name is Francisco , and I will be assisting you with your following query today: Product : Sicharge D - Charging Center Main Asset : MP / P7 170000668 ChargerID/Serial No. : L9sPgf Problem Description : QA13-14 CMD:0 & FBK:1 and CableTempSensor error Troubleshooting : For the QA13-14 please proceed to replace the faulty ones. The error has occurred more than 500 times over the last month. For the CableTempSensor: DC1 only occurred 2 times since last month, need a visual inspection for recommendation: DC2 only has 3 occurrences DC3 occurred 11 times. Lastly, DC4 only once: In sum: Please replace QA13-14 Order a new CCS cable for DC3, in my opinion all other 3 outlets are not showing enough signs of replacement yet. What is your opinio",1,ca278ab4-799d-498a-a120-1e9fc22dddfc.json
0367674_DC1,0367674,e9cc665c-0b3d-ef11-8409-000d3a66e9e3,q7BbSu,MP / PD 170001339,DC1,DC1_CABLETEMPSENSOR_XD100,2024-07-08T09:20:55Z,ticket_created,2024-07-08T09:20:55Z,2024-07-08T09:20:55Z,,POSITIVE_HIGH,exact CableTempSensor fault code in title/description; failure/error language; diagnostic fault flags; completed repair/resolution evidence,,,,,,ID0367674-DC/Si-D/BE-[MP / PD 170001339] - DC1_CableTempSensor_XD100,"Reported behaviour/issue:
PLC-Error-Flag 'DC1_CableTempSensor_XD100' changed to true - (VIV:0 PLE:1 KON:1)
Root cause:
>10ºC difference between N1 and P1 → N1 seems broken
Solution:
connector replacement
On DAMEX Sanctioned List:
Siemens
Warranty Status:
Active
NOTE TO L3 in timeline
---------------------------------//---------------------------------------------
Reported behavior/issue: QA21-22 error
Root cause: TF5 is toggling between 0V and 14V → SW problem as per confluence?
Solution: Remove L1 and L2 from bender and reinsert. To avoid another site visit we swapped TF1 and TF5.
On DAMEX Sanctioned List: Siemens
Warranty Status:12/07/2024
07/10/2024: RC Handover
Notes to QM [ 22/11/2024]
Notes from ES to NOC [ 22/11/2024]",>10ºC difference between N1 and P1 → N1 seems broken,connector replacement,Yes,2024-11-22T08:23:20Z,"ID0367674-DC/Si-D/BE-[MP / PD 170001339] - DC1_CableTempSensor_XD100 CRM:01282000661 Dear Customer, Since your issue has been resolved, we will be proceeding with closing the service ticket# 0367674. If you need any further assistance, please do reach back out to us by sending a new email to emobility_support.si@siemens.com . Kindly note that email responses to closed tickets are not monitored. Thank you. With best regards, eMobility Tech Support Team - Vaishnavy Gurav Please do not change the subject of this Email when replying to it.",VIV:0; PLE:1; KON:1,No,,additional_info[53].body; additional_info[59].body; additional_info[61].body; additional_info[63].subject; additional_info[64].body; description; title,ID0367674-DC/Si-D/BE-[MP / PD 170001339] - DC1_CableTempSensor_XD100 Reported behaviour/issue: PLC-Error-Flag 'DC1_CableTempSensor_XD100' changed to true - (VIV:0 PLE:1 KON:1) Root cause: >10ºC difference between N1 and P1 → N1 seems broken Solution: connector replacement On DAMEX Sanctioned List: Siemens Warranty Status: Active NOTE TO L3 in timeline ---------------------------------//--------------------------------------------- Reported behavior/issue: QA21-22 error Root cause: TF5 is toggling between 0V and 14V → SW problem as per confluence? Solution:,7,e9cc665c-0b3d-ef11-8409-000d3a66e9e3.json
0367362_UNKNOWN,0367362,05fe07a3-cc1a-410e-9154-3c4fdeda4959,acno33,MP / P8 170000824,,,2024-07-05T12:29:13Z,additional_info,2024-07-05T09:16:58Z,2024-07-05T12:29:13Z,,REVIEW,diagnostic fault flags; completed repair/resolution evidence,,,,,,proactive-ID0367362-DC/Si-D/FI-[acno33] -  DC_Contactor_DC4_QA23-24 & CableTempIssue,"Reported behavior/issue:
Last 1 week multiple QA23-24 failures and even more if you look history data.
Dispenser ChargingCableTemp issue.
Root cause:
Solution:
QA23-24 and dispenser cable and roll cross replaced 13.8.2024
NOTE FROM L2:
(VIV:0 PLE:1 KON:1) all errors have this",Solution: QA23-24 and dispenser cable and roll cross replaced 13.8.2024 NOTE FROM L2: (VIV:0 PLE:1 KON:1) all errors have this,QA23-24 and dispenser cable and roll cross replaced 13.8.2024 NOTE FROM L2: (VIV:0 PLE:1 KON:1) all errors have this,Yes,2024-08-16T19:49:38Z,"proactive-ID0367362-DC/Si-D/FI-[acno33] - DC_Contactor_DC4_QA23-24 & CableTempIssue CRM:00642001411 Hello Markus, Since your issue has been resolved, we will be proceeding with closing the service ticket# 0367362. If you need any further assistance, please do reach back out to us by sending a new email to emobility_support.si@siemens.com . Kindly note that email responses to closed tickets are not monitored. Thank you. With best regards, eMobility Tech Support Team - Mohini Patil Please do not change the subject of this Email when replying to it.",VIV:0; PLE:1; KON:1; CMD:0; FBK:1,No,,additional_info[12].body; additional_info[5].body; additional_info[7].body,"proactive-ID0367362-DC/Si-D/FI-[acno33] - DC_Contactor_DC4_QA23-24 & CableTempIssue CRM:00315001561 Hello Markus﻿,﻿ Thank you for reaching out to eMobility Support. My name is Francisco , and I will be assisting you with your following query today: Product : Sicharge D - Charging Center Main Asset : acno33 ChargerID/Serial No. : acno33 Problem Description : QA23-24 CMD:0 & FBK:1 and CableTempSensor error Troubleshooting : For the QA23-24 please proceed with the replacement, in this last month we had 253 instances of the error occurring. For the CableTempSensor error, I have requested SSH and will check it when available For future reference, your ticket number is 0367362 , please do refer to this in all further communication regarding this issue. We thank you for your time and patience in advance. With best regards, eMobility Tech Support Team - Francisco de Matos Joaquim Please do not ch",3,05fe07a3-cc1a-410e-9154-3c4fdeda4959.json
0367367_UNKNOWN,0367367,6e0e36db-bb6a-4ba9-9127-e20015a2fa8c,4AHFi9,MP / P8 170000820,,,2024-07-05T12:26:14Z,additional_info,2024-07-05T09:35:39Z,2024-07-05T12:26:14Z,,REVIEW,diagnostic fault flags; completed repair/resolution evidence,,,,,,proactive-ID0367367-DC/Si-D/FI-[4AHFi9]-QA9-10 and both main unit CableTempIssue,"Reported behavior/issue:
Multiple
DC_Coils_MG1-MG2_QA9-10 and DC1 and DC2 CableTempIssue failures last 2 weeks.
Root cause:
Solution:
Work done 14.8.2024 and ticket ID0373256 done.
NOTE FROM L2:  all errors are
(VIV:0 PLE:1 KON:1)",Solution: Work done 14.8.2024 and ticket ID0373256 done. NOTE FROM L2: all errors are (VIV:0 PLE:1 KON:1),Work done 14.8.2024 and ticket ID0373256 done. NOTE FROM L2: all errors are (VIV:0 PLE:1 KON:1),Yes,2024-08-16T00:29:55Z,"proactive-ID0367367-DC/Si-D/FI-[4AHFi9]-QA9-10 and both main unit CableTempIssue CRM:00579001025 Hello Markus, Since your issue has been resolved, we will be proceeding with closing the service ticket# 0367367. If you need any further assistance, please do reach back out to us by sending a new email to emobility_support.si@siemens.com . Kindly note that email responses to closed tickets are not monitored. Thank you. With best regards, eMobility Tech Support Team - Vaishnavi Raut Please do not change the subject of this Email when replying to it.",VIV:0; PLE:1; KON:1; CMD:0; FBK:1,No,,additional_info[3].body; additional_info[6].body; additional_info[7].body,"proactive-ID0367367-DC/Si-D/FI-[4AHFi9]-QA9-10 and both main unit CableTempIssue CRM:00315001560 Hello ﻿Markus,﻿ Thank you for reaching out to eMobility Support. My name is Francisco , and I will be assisting you with your following query today: Product : Sicharge D - Charging Center Main Asset : 4AHFi9 ChargerID/Serial No. : 4AHFi9 Problem Description : QA09-10 CMD:0 & FBK:1 and CableTempSensor error Troubleshooting : For the QA09-10, please proceed with the replacement, in this last month we had 117 instances For the CableTempSensor error I already requested access to the R&D, if I don't have access granted today I will start on Monday with the analysis. For future reference, your ticket number is 0367367 , please do refer to this in all further communication regarding this issue. We thank you for your time and patience in advance. With best regards, eMobility Tech Support Team - Fra",3,6e0e36db-bb6a-4ba9-9127-e20015a2fa8c.json
0367393_DC3,0367393,12b68aec-5faf-42c6-8f09-aa14c7018754,Jmqcym,MP / P7 170000825,DC3,DC3_CABLETEMPSENSOR,2024-07-05T11:40:37Z,ticket_created,2024-07-05T11:40:37Z,2024-07-05T11:40:37Z,,POSITIVE_MEDIUM,failure/error language; diagnostic fault flags; completed repair/resolution evidence,,,,,,proactive-ID0367393-DC/Si-D/FI-[Jmqcym] - IMD_BC4 & DC1-2_CableTempIssue,"Reported behavior/issue:
Multiple IMD_BC4 failures and multiple DC1-2_CableTempSensor issues last 3 weeks.
Root cause: Faulty IMD and CCS cables
Solution: Replace IMD_BC4 and CCS2 cable DC1 and DC3
NOTE FROM L2: All errors are
(VIV:0 PLE:1 KON:1)",Faulty IMD and CCS cables,Replace IMD_BC4 and CCS2 cable DC1 and DC3 NOTE FROM L2: All errors are (VIV:0 PLE:1 KON:1),Yes,2024-07-29T11:30:04Z,"inal Message ------------------- From: Markus Roiha < markus.roiha@siemens.com >; Received: Thu Jul 25 2024 15:12:40 GMT+0100 (Western European Summer Time) To: SI Emobility Technical Support < emobility_support.si@siemens.com >; eMobility Support Queue < emobility_support.si@siemens.com >; Subject: RE: proactive-ID0367393-DC/Si-D/FI-[Jmqcym] - IMD_BC4 & DC1-3_CableTempIssue CRM:01282000372 Hi, Here is the work order. Work done 23.7.2024. I have replaced: 2 x ccs2. 1 x bender. 1 x dispenser roll cross-set. Markus From: SI Emobility Technical Support < emobility_support.si@siemens.com > Sent: tiistai 9. heinäkuuta 2024 13.59 To: Roiha, Markus (RC-FI SI E) < markus.roiha@siemens.com > Subject: proactive-ID0367393-DC/Si-D/FI-[Jmqcym] - IMD_BC4 & DC1-3_CableTempIssue CRM:01282000372 Hi Markus, A quick update on the CableTempSensor error. From our perspective, I cannot recommend to replace a cable with more than 10 occurrences, this was aligned with Product Champion as it would be massive in costs. First we need to make an assessment of the plug and go from there. It's up to you if you want to take a spare one or not, for the ones that have few occurrences, since (in this case) it oc...",VIV:0; PLE:1; KON:1,No,,additional_info[12].body; additional_info[14].body; additional_info[7].body; additional_info[8].body; description,proactive-ID0367393-DC/Si-D/FI-[Jmqcym] - IMD_BC4 & DC1-2_CableTempIssue Reported behavior/issue: Multiple IMD_BC4 failures and multiple DC1-2_CableTempSensor issues last 3 weeks. Root cause: Faulty IMD and CCS cables Solution: Replace IMD_BC4 and CCS2 cable DC1 and DC3 NOTE FROM L2: All errors are (VIV:0 PLE:1 KON:1),5,12b68aec-5faf-42c6-8f09-aa14c7018754.json
0367363_UNKNOWN,0367363,16e55623-c76b-4ef9-ab5b-42037f1c196b,AZNNJA,MP / P8 170000796,,,2024-07-05T09:26:23Z,ticket_created,2024-07-05T09:26:23Z,2024-07-05T09:26:23Z,,POSITIVE_MEDIUM,failure/error language; diagnostic fault flags,,,,,,proactive-ID0367363-DC/Si-D/FI-[AZNNJA] - DC_Coils_MG2-MG4_QA11-12 & CableTempIssue,"Reported behavior/issue:
Multiple QA11-12 failure and DC1 CableTempSensor issue last 2 weeks.
Root cause:
Solution:
NOTE FROM L2 : all errors are
(VIV:0 PLE:1 KON:1)",Solution: NOTE FROM L2 : all errors are (VIV:0 PLE:1 KON:1),NOTE FROM L2 : all errors are (VIV:0 PLE:1 KON:1),No,,,VIV:0; PLE:1; KON:1; CMD:0; FBK:1,No,,additional_info[3].body; additional_info[8].body; description,proactive-ID0367363-DC/Si-D/FI-[AZNNJA] - DC_Coils_MG2-MG4_QA11-12 & CableTempIssue Reported behavior/issue: Multiple QA11-12 failure and DC1 CableTempSensor issue last 2 weeks. Root cause: Solution: NOTE FROM L2 : all errors are (VIV:0 PLE:1 KON:1),3,16e55623-c76b-4ef9-ab5b-42037f1c196b.json
0367339_DC1,0367339,2a794500-51da-4ab7-bf6e-3c04ec7aa8be,1GaKHL,MP / R3 170001555,DC1,DC1_CABLETEMPSENSOR_XD100,2024-07-05T07:32:08Z,ticket_created,2024-07-05T07:32:08Z,2024-07-05T07:32:08Z,,POSITIVE_HIGH,exact CableTempSensor fault code in title/description; failure/error language; diagnostic fault flags; sensor/troubleshooting evidence; completed repair/resolution evidence,,,,,,ID0367339-DC/Si-D/TR-[MP / R3 170001555] DC1_CableTempSensor_XD100,"Reported behavior/issue:
There is “DC1_CableTempSensor_XD100”
Root cause: Cable fault
Solution: Cable replaced
On DAMEX Sanctioned List: Siemens Employee
Warranty Status:
Note -; VIV:0 PLE:1 KON:1",Cable fault,Cable replaced,Yes,2024-07-17T15:23:49Z,"ID0367339-DC/Si-D/TR-[MP / R3 170001555] DC1_CableTempSensor_XD100 CRM:00798000982 Hello Yunus, Thanks for sharing field service report. Since your issue has been resolved, we will be proceeding with closing the service ticket# 0367339. If you need any further assistance, please do reach back out to us by sending a new email to emobility_support.si@siemens.com . Kindly note that email responses to closed tickets are not monitored. Thank and Best Regards, eMobility Tech Support Team - Giridhar ""Gary"" Please do not change the subject of this Email when replying to it.",VIV:0; PLE:1; KON:1; RNE:0,No,,additional_info[10].subject; additional_info[14].subject; additional_info[15].body; additional_info[19].subject; additional_info[20].subject; additional_info[21].subject; additional_info[4].body; additional_info[4].subject; additional_info[6].body; additional_info[7].body; additional_info[7].subject; description; title,ID0367339-DC/Si-D/TR-[MP / R3 170001555] DC1_CableTempSensor_XD100 Reported behavior/issue: There is “DC1_CableTempSensor_XD100” Root cause: Cable fault Solution: Cable replaced On DAMEX Sanctioned List: Siemens Employee Warranty Status: Note -; VIV:0 PLE:1 KON:1,13,2a794500-51da-4ab7-bf6e-3c04ec7aa8be.json
